postcodes_id,zone_id,postcode_range_start,postcode_range_end,postcode_name,status
1,1,SE1,SE1,SE1,1
2,1,EC3M,EC3M,EC3M,1
3,1,EC3N,EC3N,EC3N,1
4,1,EC3R,EC3R,EC3R,1
5,1,CM14,CM14,CM14,1
6,1,RM3,RM3,RM3,1
7,1,RM6,RM6,RM6,1
8,1,CM13,CM13,CM13,1
9,1,CM12,CM12,CM12,1
10,1,CM4,CM4,CM4,1
11,1,RM7,RM7,RM7,1
12,1,IG2,IG2,IG2,1
13,2,SE16,SE16,SE16,1
14,2,SE17,SE17,SE17,1
15,3,EC1W,EC1W,EC1W,1
16,3,N1C,N1C,N1C,1
17,3,FW1,FW1,FW1,1
18,4,E1,E1,E1,1
19,4,E2,E2,E2,1
20,4,W1,W1,W1,1
21,4,WC1,WC1,WC1,1
22,4,WC2,WC2,WC2,1
23,4,EC1,EC1,EC1,1
24,4,EC2,EC2,EC2,1
25,4,EC3,EC3,EC3,1
26,4,EC4,EC4,EC4,1
27,4,SW1A,SW1A,SW1A,1
28,4,SW1E,SW1E,SW1E,1
29,4,SW1H,SW1H,SW1H,1
30,4,SW1P,SW1P,SW1P,1
31,4,SW1V,SW1V,SW1V,1
32,4,SW1W,SW1W,SW1W,1
33,4,SW1X,SW1X,SW1X,1
34,4,SW1Y,SW1Y,SW1Y,1
35,4,W1B,W1B,W1B,1
36,4,W1C,W1C,W1C,1
37,4,W1D,W1D,W1D,1
38,4,W1F,W1F,W1F,1
39,4,W1G,W1G,W1G,1
40,4,W1H,W1H,W1H,1
41,4,W1J,W1J,W1J,1
42,4,W1K,W1K,W1K,1
43,4,W1S,W1S,W1S,1
44,4,W1T,W1T,W1T,1
45,4,W1U,W1U,W1U,1
46,4,W1W,W1W,W1W,1
47,4,WC1A,WC1A,WC1A,1
48,4,WC1B,WC1B,WC1B,1
49,4,WC1E,WC1E,WC1E,1
50,4,WC1H,WC1H,WC1H,1
51,4,WC1N,WC1N,WC1N,1
52,4,WC1R,WC1R,WC1R,1
53,4,WC1V,WC1V,WC1V,1
54,4,WC1X,WC1X,WC1X,1
55,4,WC2A,WC2A,WC2A,1
56,4,WC2B,WC2B,WC2B,1
57,4,WC2E,WC2E,WC2E,1
58,4,WC2H,WC2H,WC2H,1
59,4,WC2R,WC2R,WC2R,1
60,4,EC1A,EC1A,EC1A,1
61,4,EC1M,EC1M,EC1M,1
62,4,EC1N,EC1N,EC1N,1
63,4,EC1R,EC1R,EC1R,1
64,4,EC1V,EC1V,EC1V,1
65,4,EC1Y,EC1Y,EC1Y,1
66,4,EC2A,EC2A,EC2A,1
67,4,EC2M,EC2M,EC2M,1
68,4,EC2N,EC2N,EC2N,1
69,4,EC2R,EC2R,EC2R,1
70,4,EC2V,EC2V,EC2V,1
71,4,EC2Y,EC2Y,EC2Y,1
72,4,EC3A,EC3A,EC3A,1
73,4,EC3V,EC3V,EC3V,1
74,4,EC4A,EC4A,EC4A,1
75,4,EC4M,EC4M,EC4M,1
76,4,EC4N,EC4N,EC4N,1
77,4,EC4R,EC4R,EC4R,1
78,4,EC4V,EC4V,EC4V,1
79,4,EC4Y,EC4Y,EC4Y,1
80,4,SE11,SE11,SE11,1
81,4,RM2,RM2,RM2,1
82,4,RM1,RM1,RM1,1
83,5,E2,E2,E2,1
84,5,W1,W1,W1,1
85,5,WC1,WC1,WC1,1
86,5,WC2,WC2,WC2,1
87,5,EC1,EC1,EC1,1
88,5,EC2,EC2,EC2,1
89,5,EC3,EC3,EC3,1
90,5,EC4,EC4,EC4,1
91,5,SW1A,SW1A,SW1A,1
92,5,SW1E,SW1E,SW1E,1
93,5,SW1H,SW1H,SW1H,1
94,5,SW1P,SW1P,SW1P,1
95,5,SW1V,SW1V,SW1V,1
96,5,SW1W,SW1W,SW1W,1
97,5,SW1X,SW1X,SW1X,1
98,5,SW1Y,SW1Y,SW1Y,1
99,5,W1B,W1B,W1B,1
100,5,W1C,W1C,W1C,1
101,5,W1D,W1D,W1D,1
102,5,W1F,W1F,W1F,1
103,5,W1G,W1G,W1G,1
104,5,W1H,W1H,W1H,1
105,5,W1J,W1J,W1J,1
106,5,W1K,W1K,W1K,1
107,5,W1S,W1S,W1S,1
108,5,W1T,W1T,W1T,1
109,5,W1U,W1U,W1U,1
110,5,W1W,W1W,W1W,1
111,5,WC1A,WC1A,WC1A,1
112,5,WC1B,WC1B,WC1B,1
113,5,WC1E,WC1E,WC1E,1
114,5,WC1H,WC1H,WC1H,1
115,5,WC1N,WC1N,WC1N,1
116,5,WC1R,WC1R,WC1R,1
117,5,WC1V,WC1V,WC1V,1
118,5,WC1X,WC1X,WC1X,1
119,5,WC2A,WC2A,WC2A,1
120,5,WC2B,WC2B,WC2B,1
121,5,WC2E,WC2E,WC2E,1
122,5,WC2H,WC2H,WC2H,1
123,5,WC2R,WC2R,WC2R,1
124,5,EC1A,EC1A,EC1A,1
125,5,EC1M,EC1M,EC1M,1
126,5,EC1N,EC1N,EC1N,1
127,5,EC1R,EC1R,EC1R,1
128,5,EC1V,EC1V,EC1V,1
129,5,EC1Y,EC1Y,EC1Y,1
130,5,EC2A,EC2A,EC2A,1
131,5,EC2M,EC2M,EC2M,1
132,5,EC2N,EC2N,EC2N,1
133,5,EC2R,EC2R,EC2R,1
134,5,EC2V,EC2V,EC2V,1
135,5,EC2Y,EC2Y,EC2Y,1
136,5,EC3A,EC3A,EC3A,1
137,5,EC3V,EC3V,EC3V,1
138,5,EC4A,EC4A,EC4A,1
139,5,EC4M,EC4M,EC4M,1
140,5,EC4N,EC4N,EC4N,1
141,5,EC4R,EC4R,EC4R,1
142,5,EC4V,EC4V,EC4V,1
143,5,EC4Y,EC4Y,EC4Y,1
144,5,SE11,SE11,SE11,1
145,5,RM2,RM2,RM2,1
146,5,RM1,RM1,RM1,1
147,6,N1,N1,N1,1
148,7,N1C,N1C,N1C,1
149,7,FW1,FW1,FW1,1
150,8,NW1,NW1,NW1,1
151,8,W2,W2,W2,1
152,8,N5,N5,N5,1
153,8,N7,N7,N7,1
154,8,E11,E11,E11,1
155,9,N19,N19,N19,1
156,9,NW5,NW5,NW5,1
157,9,N4,N4,N4,1
158,9,N15,N15,N15,1
159,9,E17,E17,E17,1
160,10,W2,W2,W2,1
161,10,N5,N5,N5,1
162,10,N7,N7,N7,1
163,10,E11,E11,E11,1
164,11,FW1,FW1,FW1,1
165,12,W1,W1,W1,1
166,12,WC1,WC1,WC1,1
167,12,WC2,WC2,WC2,1
168,12,EC1,EC1,EC1,1
169,12,EC2,EC2,EC2,1
170,12,EC3,EC3,EC3,1
171,12,EC4,EC4,EC4,1
172,12,SW1A,SW1A,SW1A,1
173,12,SW1E,SW1E,SW1E,1
174,12,SW1H,SW1H,SW1H,1
175,12,SW1P,SW1P,SW1P,1
176,12,SW1V,SW1V,SW1V,1
177,12,SW1W,SW1W,SW1W,1
178,12,SW1X,SW1X,SW1X,1
179,12,SW1Y,SW1Y,SW1Y,1
180,12,W1B,W1B,W1B,1
181,12,W1C,W1C,W1C,1
182,12,W1D,W1D,W1D,1
183,12,W1F,W1F,W1F,1
184,12,W1G,W1G,W1G,1
185,12,W1H,W1H,W1H,1
186,12,W1J,W1J,W1J,1
187,12,W1K,W1K,W1K,1
188,12,W1S,W1S,W1S,1
189,12,W1T,W1T,W1T,1
190,12,W1U,W1U,W1U,1
191,12,W1W,W1W,W1W,1
192,12,WC1A,WC1A,WC1A,1
193,12,WC1B,WC1B,WC1B,1
194,12,WC1E,WC1E,WC1E,1
195,12,WC1H,WC1H,WC1H,1
196,12,WC1N,WC1N,WC1N,1
197,12,WC1R,WC1R,WC1R,1
198,12,WC1V,WC1V,WC1V,1
199,12,WC1X,WC1X,WC1X,1
200,12,WC2A,WC2A,WC2A,1
201,12,WC2B,WC2B,WC2B,1
202,12,WC2E,WC2E,WC2E,1
203,12,WC2H,WC2H,WC2H,1
204,12,WC2R,WC2R,WC2R,1
205,12,EC1A,EC1A,EC1A,1
206,12,EC1M,EC1M,EC1M,1
207,12,EC1N,EC1N,EC1N,1
208,12,EC1R,EC1R,EC1R,1
209,12,EC1V,EC1V,EC1V,1
210,12,EC1Y,EC1Y,EC1Y,1
211,12,EC2A,EC2A,EC2A,1
212,12,EC2M,EC2M,EC2M,1
213,12,EC2N,EC2N,EC2N,1
214,12,EC2R,EC2R,EC2R,1
215,12,EC2V,EC2V,EC2V,1
216,12,EC2Y,EC2Y,EC2Y,1
217,12,EC3A,EC3A,EC3A,1
218,12,EC3V,EC3V,EC3V,1
219,12,EC4A,EC4A,EC4A,1
220,12,EC4M,EC4M,EC4M,1
221,12,EC4N,EC4N,EC4N,1
222,12,EC4R,EC4R,EC4R,1
223,12,EC4V,EC4V,EC4V,1
224,12,EC4Y,EC4Y,EC4Y,1
225,12,SE11,SE11,SE11,1
226,12,RM2,RM2,RM2,1
227,12,RM1,RM1,RM1,1
228,13,WC1,WC1,WC1,1
229,13,WC2,WC2,WC2,1
230,13,EC1,EC1,EC1,1
231,13,EC2,EC2,EC2,1
232,13,EC3,EC3,EC3,1
233,13,EC4,EC4,EC4,1
234,13,SW1A,SW1A,SW1A,1
235,13,SW1E,SW1E,SW1E,1
236,13,SW1H,SW1H,SW1H,1
237,13,SW1P,SW1P,SW1P,1
238,13,SW1V,SW1V,SW1V,1
239,13,SW1W,SW1W,SW1W,1
240,13,SW1X,SW1X,SW1X,1
241,13,SW1Y,SW1Y,SW1Y,1
242,13,W1B,W1B,W1B,1
243,13,W1C,W1C,W1C,1
244,13,W1D,W1D,W1D,1
245,13,W1F,W1F,W1F,1
246,13,W1G,W1G,W1G,1
247,13,W1H,W1H,W1H,1
248,13,W1J,W1J,W1J,1
249,13,W1K,W1K,W1K,1
250,13,W1S,W1S,W1S,1
251,13,W1T,W1T,W1T,1
252,13,W1U,W1U,W1U,1
253,13,W1W,W1W,W1W,1
254,13,WC1A,WC1A,WC1A,1
255,13,WC1B,WC1B,WC1B,1
256,13,WC1E,WC1E,WC1E,1
257,13,WC1H,WC1H,WC1H,1
258,13,WC1N,WC1N,WC1N,1
259,13,WC1R,WC1R,WC1R,1
260,13,WC1V,WC1V,WC1V,1
261,13,WC1X,WC1X,WC1X,1
262,13,WC2A,WC2A,WC2A,1
263,13,WC2B,WC2B,WC2B,1
264,13,WC2E,WC2E,WC2E,1
265,13,WC2H,WC2H,WC2H,1
266,13,WC2R,WC2R,WC2R,1
267,13,EC1A,EC1A,EC1A,1
268,13,EC1M,EC1M,EC1M,1
269,13,EC1N,EC1N,EC1N,1
270,13,EC1R,EC1R,EC1R,1
271,13,EC1V,EC1V,EC1V,1
272,13,EC1Y,EC1Y,EC1Y,1
273,13,EC2A,EC2A,EC2A,1
274,13,EC2M,EC2M,EC2M,1
275,13,EC2N,EC2N,EC2N,1
276,13,EC2R,EC2R,EC2R,1
277,13,EC2V,EC2V,EC2V,1
278,13,EC2Y,EC2Y,EC2Y,1
279,13,EC3A,EC3A,EC3A,1
280,13,EC3V,EC3V,EC3V,1
281,13,EC4A,EC4A,EC4A,1
282,13,EC4M,EC4M,EC4M,1
283,13,EC4N,EC4N,EC4N,1
284,13,EC4R,EC4R,EC4R,1
285,13,EC4V,EC4V,EC4V,1
286,13,EC4Y,EC4Y,EC4Y,1
287,13,SE11,SE11,SE11,1
288,13,RM2,RM2,RM2,1
289,13,RM1,RM1,RM1,1
290,14,WC2,WC2,WC2,1
291,14,EC1,EC1,EC1,1
292,14,EC2,EC2,EC2,1
293,14,EC3,EC3,EC3,1
294,14,EC4,EC4,EC4,1
295,14,SW1A,SW1A,SW1A,1
296,14,SW1E,SW1E,SW1E,1
297,14,SW1H,SW1H,SW1H,1
298,14,SW1P,SW1P,SW1P,1
299,14,SW1V,SW1V,SW1V,1
300,14,SW1W,SW1W,SW1W,1
301,14,SW1X,SW1X,SW1X,1
302,14,SW1Y,SW1Y,SW1Y,1
303,14,W1B,W1B,W1B,1
304,14,W1C,W1C,W1C,1
305,14,W1D,W1D,W1D,1
306,14,W1F,W1F,W1F,1
307,14,W1G,W1G,W1G,1
308,14,W1H,W1H,W1H,1
309,14,W1J,W1J,W1J,1
310,14,W1K,W1K,W1K,1
311,14,W1S,W1S,W1S,1
312,14,W1T,W1T,W1T,1
313,14,W1U,W1U,W1U,1
314,14,W1W,W1W,W1W,1
315,14,WC1A,WC1A,WC1A,1
316,14,WC1B,WC1B,WC1B,1
317,14,WC1E,WC1E,WC1E,1
318,14,WC1H,WC1H,WC1H,1
319,14,WC1N,WC1N,WC1N,1
320,14,WC1R,WC1R,WC1R,1
321,14,WC1V,WC1V,WC1V,1
322,14,WC1X,WC1X,WC1X,1
323,14,WC2A,WC2A,WC2A,1
324,14,WC2B,WC2B,WC2B,1
325,14,WC2E,WC2E,WC2E,1
326,14,WC2H,WC2H,WC2H,1
327,14,WC2R,WC2R,WC2R,1
328,14,EC1A,EC1A,EC1A,1
329,14,EC1M,EC1M,EC1M,1
330,14,EC1N,EC1N,EC1N,1
331,14,EC1R,EC1R,EC1R,1
332,14,EC1V,EC1V,EC1V,1
333,14,EC1Y,EC1Y,EC1Y,1
334,14,EC2A,EC2A,EC2A,1
335,14,EC2M,EC2M,EC2M,1
336,14,EC2N,EC2N,EC2N,1
337,14,EC2R,EC2R,EC2R,1
338,14,EC2V,EC2V,EC2V,1
339,14,EC2Y,EC2Y,EC2Y,1
340,14,EC3A,EC3A,EC3A,1
341,14,EC3V,EC3V,EC3V,1
342,14,EC4A,EC4A,EC4A,1
343,14,EC4M,EC4M,EC4M,1
344,14,EC4N,EC4N,EC4N,1
345,14,EC4R,EC4R,EC4R,1
346,14,EC4V,EC4V,EC4V,1
347,14,EC4Y,EC4Y,EC4Y,1
348,14,SE11,SE11,SE11,1
349,14,RM2,RM2,RM2,1
350,14,RM1,RM1,RM1,1
351,15,EC1,EC1,EC1,1
352,15,EC2,EC2,EC2,1
353,15,EC3,EC3,EC3,1
354,15,EC4,EC4,EC4,1
355,15,SW1A,SW1A,SW1A,1
356,15,SW1E,SW1E,SW1E,1
357,15,SW1H,SW1H,SW1H,1
358,15,SW1P,SW1P,SW1P,1
359,15,SW1V,SW1V,SW1V,1
360,15,SW1W,SW1W,SW1W,1
361,15,SW1X,SW1X,SW1X,1
362,15,SW1Y,SW1Y,SW1Y,1
363,15,W1B,W1B,W1B,1
364,15,W1C,W1C,W1C,1
365,15,W1D,W1D,W1D,1
366,15,W1F,W1F,W1F,1
367,15,W1G,W1G,W1G,1
368,15,W1H,W1H,W1H,1
369,15,W1J,W1J,W1J,1
370,15,W1K,W1K,W1K,1
371,15,W1S,W1S,W1S,1
372,15,W1T,W1T,W1T,1
373,15,W1U,W1U,W1U,1
374,15,W1W,W1W,W1W,1
375,15,WC1A,WC1A,WC1A,1
376,15,WC1B,WC1B,WC1B,1
377,15,WC1E,WC1E,WC1E,1
378,15,WC1H,WC1H,WC1H,1
379,15,WC1N,WC1N,WC1N,1
380,15,WC1R,WC1R,WC1R,1
381,15,WC1V,WC1V,WC1V,1
382,15,WC1X,WC1X,WC1X,1
383,15,WC2A,WC2A,WC2A,1
384,15,WC2B,WC2B,WC2B,1
385,15,WC2E,WC2E,WC2E,1
386,15,WC2H,WC2H,WC2H,1
387,15,WC2R,WC2R,WC2R,1
388,15,EC1A,EC1A,EC1A,1
389,15,EC1M,EC1M,EC1M,1
390,15,EC1N,EC1N,EC1N,1
391,15,EC1R,EC1R,EC1R,1
392,15,EC1V,EC1V,EC1V,1
393,15,EC1Y,EC1Y,EC1Y,1
394,15,EC2A,EC2A,EC2A,1
395,15,EC2M,EC2M,EC2M,1
396,15,EC2N,EC2N,EC2N,1
397,15,EC2R,EC2R,EC2R,1
398,15,EC2V,EC2V,EC2V,1
399,15,EC2Y,EC2Y,EC2Y,1
400,15,EC3A,EC3A,EC3A,1
401,15,EC3V,EC3V,EC3V,1
402,15,EC4A,EC4A,EC4A,1
403,15,EC4M,EC4M,EC4M,1
404,15,EC4N,EC4N,EC4N,1
405,15,EC4R,EC4R,EC4R,1
406,15,EC4V,EC4V,EC4V,1
407,15,EC4Y,EC4Y,EC4Y,1
408,15,SE11,SE11,SE11,1
409,15,RM2,RM2,RM2,1
410,15,RM1,RM1,RM1,1
411,16,EC2,EC2,EC2,1
412,16,EC3,EC3,EC3,1
413,16,EC4,EC4,EC4,1
414,16,SW1A,SW1A,SW1A,1
415,16,SW1E,SW1E,SW1E,1
416,16,SW1H,SW1H,SW1H,1
417,16,SW1P,SW1P,SW1P,1
418,16,SW1V,SW1V,SW1V,1
419,16,SW1W,SW1W,SW1W,1
420,16,SW1X,SW1X,SW1X,1
421,16,SW1Y,SW1Y,SW1Y,1
422,16,W1B,W1B,W1B,1
423,16,W1C,W1C,W1C,1
424,16,W1D,W1D,W1D,1
425,16,W1F,W1F,W1F,1
426,16,W1G,W1G,W1G,1
427,16,W1H,W1H,W1H,1
428,16,W1J,W1J,W1J,1
429,16,W1K,W1K,W1K,1
430,16,W1S,W1S,W1S,1
431,16,W1T,W1T,W1T,1
432,16,W1U,W1U,W1U,1
433,16,W1W,W1W,W1W,1
434,16,WC1A,WC1A,WC1A,1
435,16,WC1B,WC1B,WC1B,1
436,16,WC1E,WC1E,WC1E,1
437,16,WC1H,WC1H,WC1H,1
438,16,WC1N,WC1N,WC1N,1
439,16,WC1R,WC1R,WC1R,1
440,16,WC1V,WC1V,WC1V,1
441,16,WC1X,WC1X,WC1X,1
442,16,WC2A,WC2A,WC2A,1
443,16,WC2B,WC2B,WC2B,1
444,16,WC2E,WC2E,WC2E,1
445,16,WC2H,WC2H,WC2H,1
446,16,WC2R,WC2R,WC2R,1
447,16,EC1A,EC1A,EC1A,1
448,16,EC1M,EC1M,EC1M,1
449,16,EC1N,EC1N,EC1N,1
450,16,EC1R,EC1R,EC1R,1
451,16,EC1V,EC1V,EC1V,1
452,16,EC1Y,EC1Y,EC1Y,1
453,16,EC2A,EC2A,EC2A,1
454,16,EC2M,EC2M,EC2M,1
455,16,EC2N,EC2N,EC2N,1
456,16,EC2R,EC2R,EC2R,1
457,16,EC2V,EC2V,EC2V,1
458,16,EC2Y,EC2Y,EC2Y,1
459,16,EC3A,EC3A,EC3A,1
460,16,EC3V,EC3V,EC3V,1
461,16,EC4A,EC4A,EC4A,1
462,16,EC4M,EC4M,EC4M,1
463,16,EC4N,EC4N,EC4N,1
464,16,EC4R,EC4R,EC4R,1
465,16,EC4V,EC4V,EC4V,1
466,16,EC4Y,EC4Y,EC4Y,1
467,16,SE11,SE11,SE11,1
468,16,RM2,RM2,RM2,1
469,16,RM1,RM1,RM1,1
470,17,EC3,EC3,EC3,1
471,17,EC4,EC4,EC4,1
472,17,SW1A,SW1A,SW1A,1
473,17,SW1E,SW1E,SW1E,1
474,17,SW1H,SW1H,SW1H,1
475,17,SW1P,SW1P,SW1P,1
476,17,SW1V,SW1V,SW1V,1
477,17,SW1W,SW1W,SW1W,1
478,17,SW1X,SW1X,SW1X,1
479,17,SW1Y,SW1Y,SW1Y,1
480,17,W1B,W1B,W1B,1
481,17,W1C,W1C,W1C,1
482,17,W1D,W1D,W1D,1
483,17,W1F,W1F,W1F,1
484,17,W1G,W1G,W1G,1
485,17,W1H,W1H,W1H,1
486,17,W1J,W1J,W1J,1
487,17,W1K,W1K,W1K,1
488,17,W1S,W1S,W1S,1
489,17,W1T,W1T,W1T,1
490,17,W1U,W1U,W1U,1
491,17,W1W,W1W,W1W,1
492,17,WC1A,WC1A,WC1A,1
493,17,WC1B,WC1B,WC1B,1
494,17,WC1E,WC1E,WC1E,1
495,17,WC1H,WC1H,WC1H,1
496,17,WC1N,WC1N,WC1N,1
497,17,WC1R,WC1R,WC1R,1
498,17,WC1V,WC1V,WC1V,1
499,17,WC1X,WC1X,WC1X,1
500,17,WC2A,WC2A,WC2A,1
501,17,WC2B,WC2B,WC2B,1
502,17,WC2E,WC2E,WC2E,1
503,17,WC2H,WC2H,WC2H,1
504,17,WC2R,WC2R,WC2R,1
505,17,EC1A,EC1A,EC1A,1
506,17,EC1M,EC1M,EC1M,1
507,17,EC1N,EC1N,EC1N,1
508,17,EC1R,EC1R,EC1R,1
509,17,EC1V,EC1V,EC1V,1
510,17,EC1Y,EC1Y,EC1Y,1
511,17,EC2A,EC2A,EC2A,1
512,17,EC2M,EC2M,EC2M,1
513,17,EC2N,EC2N,EC2N,1
514,17,EC2R,EC2R,EC2R,1
515,17,EC2V,EC2V,EC2V,1
516,17,EC2Y,EC2Y,EC2Y,1
517,17,EC3A,EC3A,EC3A,1
518,17,EC3V,EC3V,EC3V,1
519,17,EC4A,EC4A,EC4A,1
520,17,EC4M,EC4M,EC4M,1
521,17,EC4N,EC4N,EC4N,1
522,17,EC4R,EC4R,EC4R,1
523,17,EC4V,EC4V,EC4V,1
524,17,EC4Y,EC4Y,EC4Y,1
525,17,SE11,SE11,SE11,1
526,17,RM2,RM2,RM2,1
527,17,RM1,RM1,RM1,1
528,18,EC4,EC4,EC4,1
529,18,SW1A,SW1A,SW1A,1
530,18,SW1E,SW1E,SW1E,1
531,18,SW1H,SW1H,SW1H,1
532,18,SW1P,SW1P,SW1P,1
533,18,SW1V,SW1V,SW1V,1
534,18,SW1W,SW1W,SW1W,1
535,18,SW1X,SW1X,SW1X,1
536,18,SW1Y,SW1Y,SW1Y,1
537,18,W1B,W1B,W1B,1
538,18,W1C,W1C,W1C,1
539,18,W1D,W1D,W1D,1
540,18,W1F,W1F,W1F,1
541,18,W1G,W1G,W1G,1
542,18,W1H,W1H,W1H,1
543,18,W1J,W1J,W1J,1
544,18,W1K,W1K,W1K,1
545,18,W1S,W1S,W1S,1
546,18,W1T,W1T,W1T,1
547,18,W1U,W1U,W1U,1
548,18,W1W,W1W,W1W,1
549,18,WC1A,WC1A,WC1A,1
550,18,WC1B,WC1B,WC1B,1
551,18,WC1E,WC1E,WC1E,1
552,18,WC1H,WC1H,WC1H,1
553,18,WC1N,WC1N,WC1N,1
554,18,WC1R,WC1R,WC1R,1
555,18,WC1V,WC1V,WC1V,1
556,18,WC1X,WC1X,WC1X,1
557,18,WC2A,WC2A,WC2A,1
558,18,WC2B,WC2B,WC2B,1
559,18,WC2E,WC2E,WC2E,1
560,18,WC2H,WC2H,WC2H,1
561,18,WC2R,WC2R,WC2R,1
562,18,EC1A,EC1A,EC1A,1
563,18,EC1M,EC1M,EC1M,1
564,18,EC1N,EC1N,EC1N,1
565,18,EC1R,EC1R,EC1R,1
566,18,EC1V,EC1V,EC1V,1
567,18,EC1Y,EC1Y,EC1Y,1
568,18,EC2A,EC2A,EC2A,1
569,18,EC2M,EC2M,EC2M,1
570,18,EC2N,EC2N,EC2N,1
571,18,EC2R,EC2R,EC2R,1
572,18,EC2V,EC2V,EC2V,1
573,18,EC2Y,EC2Y,EC2Y,1
574,18,EC3A,EC3A,EC3A,1
575,18,EC3V,EC3V,EC3V,1
576,18,EC4A,EC4A,EC4A,1
577,18,EC4M,EC4M,EC4M,1
578,18,EC4N,EC4N,EC4N,1
579,18,EC4R,EC4R,EC4R,1
580,18,EC4V,EC4V,EC4V,1
581,18,EC4Y,EC4Y,EC4Y,1
582,18,SE11,SE11,SE11,1
583,18,RM2,RM2,RM2,1
584,18,RM1,RM1,RM1,1
585,19,SW1A,SW1A,SW1A,1
586,19,SW1E,SW1E,SW1E,1
587,19,SW1H,SW1H,SW1H,1
588,19,SW1P,SW1P,SW1P,1
589,19,SW1V,SW1V,SW1V,1
590,19,SW1W,SW1W,SW1W,1
591,19,SW1X,SW1X,SW1X,1
592,19,SW1Y,SW1Y,SW1Y,1
593,19,W1B,W1B,W1B,1
594,19,W1C,W1C,W1C,1
595,19,W1D,W1D,W1D,1
596,19,W1F,W1F,W1F,1
597,19,W1G,W1G,W1G,1
598,19,W1H,W1H,W1H,1
599,19,W1J,W1J,W1J,1
600,19,W1K,W1K,W1K,1
601,19,W1S,W1S,W1S,1
602,19,W1T,W1T,W1T,1
603,19,W1U,W1U,W1U,1
604,19,W1W,W1W,W1W,1
605,19,WC1A,WC1A,WC1A,1
606,19,WC1B,WC1B,WC1B,1
607,19,WC1E,WC1E,WC1E,1
608,19,WC1H,WC1H,WC1H,1
609,19,WC1N,WC1N,WC1N,1
610,19,WC1R,WC1R,WC1R,1
611,19,WC1V,WC1V,WC1V,1
612,19,WC1X,WC1X,WC1X,1
613,19,WC2A,WC2A,WC2A,1
614,19,WC2B,WC2B,WC2B,1
615,19,WC2E,WC2E,WC2E,1
616,19,WC2H,WC2H,WC2H,1
617,19,WC2R,WC2R,WC2R,1
618,19,EC1A,EC1A,EC1A,1
619,19,EC1M,EC1M,EC1M,1
620,19,EC1N,EC1N,EC1N,1
621,19,EC1R,EC1R,EC1R,1
622,19,EC1V,EC1V,EC1V,1
623,19,EC1Y,EC1Y,EC1Y,1
624,19,EC2A,EC2A,EC2A,1
625,19,EC2M,EC2M,EC2M,1
626,19,EC2N,EC2N,EC2N,1
627,19,EC2R,EC2R,EC2R,1
628,19,EC2V,EC2V,EC2V,1
629,19,EC2Y,EC2Y,EC2Y,1
630,19,EC3A,EC3A,EC3A,1
631,19,EC3V,EC3V,EC3V,1
632,19,EC4A,EC4A,EC4A,1
633,19,EC4M,EC4M,EC4M,1
634,19,EC4N,EC4N,EC4N,1
635,19,EC4R,EC4R,EC4R,1
636,19,EC4V,EC4V,EC4V,1
637,19,EC4Y,EC4Y,EC4Y,1
638,19,SE11,SE11,SE11,1
639,19,RM2,RM2,RM2,1
640,19,RM1,RM1,RM1,1
641,20,SW1E,SW1E,SW1E,1
642,20,SW1H,SW1H,SW1H,1
643,20,SW1P,SW1P,SW1P,1
644,20,SW1V,SW1V,SW1V,1
645,20,SW1W,SW1W,SW1W,1
646,20,SW1X,SW1X,SW1X,1
647,20,SW1Y,SW1Y,SW1Y,1
648,20,W1B,W1B,W1B,1
649,20,W1C,W1C,W1C,1
650,20,W1D,W1D,W1D,1
651,20,W1F,W1F,W1F,1
652,20,W1G,W1G,W1G,1
653,20,W1H,W1H,W1H,1
654,20,W1J,W1J,W1J,1
655,20,W1K,W1K,W1K,1
656,20,W1S,W1S,W1S,1
657,20,W1T,W1T,W1T,1
658,20,W1U,W1U,W1U,1
659,20,W1W,W1W,W1W,1
660,20,WC1A,WC1A,WC1A,1
661,20,WC1B,WC1B,WC1B,1
662,20,WC1E,WC1E,WC1E,1
663,20,WC1H,WC1H,WC1H,1
664,20,WC1N,WC1N,WC1N,1
665,20,WC1R,WC1R,WC1R,1
666,20,WC1V,WC1V,WC1V,1
667,20,WC1X,WC1X,WC1X,1
668,20,WC2A,WC2A,WC2A,1
669,20,WC2B,WC2B,WC2B,1
670,20,WC2E,WC2E,WC2E,1
671,20,WC2H,WC2H,WC2H,1
672,20,WC2R,WC2R,WC2R,1
673,20,EC1A,EC1A,EC1A,1
674,20,EC1M,EC1M,EC1M,1
675,20,EC1N,EC1N,EC1N,1
676,20,EC1R,EC1R,EC1R,1
677,20,EC1V,EC1V,EC1V,1
678,20,EC1Y,EC1Y,EC1Y,1
679,20,EC2A,EC2A,EC2A,1
680,20,EC2M,EC2M,EC2M,1
681,20,EC2N,EC2N,EC2N,1
682,20,EC2R,EC2R,EC2R,1
683,20,EC2V,EC2V,EC2V,1
684,20,EC2Y,EC2Y,EC2Y,1
685,20,EC3A,EC3A,EC3A,1
686,20,EC3V,EC3V,EC3V,1
687,20,EC4A,EC4A,EC4A,1
688,20,EC4M,EC4M,EC4M,1
689,20,EC4N,EC4N,EC4N,1
690,20,EC4R,EC4R,EC4R,1
691,20,EC4V,EC4V,EC4V,1
692,20,EC4Y,EC4Y,EC4Y,1
693,20,SE11,SE11,SE11,1
694,20,RM2,RM2,RM2,1
695,20,RM1,RM1,RM1,1
696,21,SW1H,SW1H,SW1H,1
697,21,SW1P,SW1P,SW1P,1
698,21,SW1V,SW1V,SW1V,1
699,21,SW1W,SW1W,SW1W,1
700,21,SW1X,SW1X,SW1X,1
701,21,SW1Y,SW1Y,SW1Y,1
702,21,W1B,W1B,W1B,1
703,21,W1C,W1C,W1C,1
704,21,W1D,W1D,W1D,1
705,21,W1F,W1F,W1F,1
706,21,W1G,W1G,W1G,1
707,21,W1H,W1H,W1H,1
708,21,W1J,W1J,W1J,1
709,21,W1K,W1K,W1K,1
710,21,W1S,W1S,W1S,1
711,21,W1T,W1T,W1T,1
712,21,W1U,W1U,W1U,1
713,21,W1W,W1W,W1W,1
714,21,WC1A,WC1A,WC1A,1
715,21,WC1B,WC1B,WC1B,1
716,21,WC1E,WC1E,WC1E,1
717,21,WC1H,WC1H,WC1H,1
718,21,WC1N,WC1N,WC1N,1
719,21,WC1R,WC1R,WC1R,1
720,21,WC1V,WC1V,WC1V,1
721,21,WC1X,WC1X,WC1X,1
722,21,WC2A,WC2A,WC2A,1
723,21,WC2B,WC2B,WC2B,1
724,21,WC2E,WC2E,WC2E,1
725,21,WC2H,WC2H,WC2H,1
726,21,WC2R,WC2R,WC2R,1
727,21,EC1A,EC1A,EC1A,1
728,21,EC1M,EC1M,EC1M,1
729,21,EC1N,EC1N,EC1N,1
730,21,EC1R,EC1R,EC1R,1
731,21,EC1V,EC1V,EC1V,1
732,21,EC1Y,EC1Y,EC1Y,1
733,21,EC2A,EC2A,EC2A,1
734,21,EC2M,EC2M,EC2M,1
735,21,EC2N,EC2N,EC2N,1
736,21,EC2R,EC2R,EC2R,1
737,21,EC2V,EC2V,EC2V,1
738,21,EC2Y,EC2Y,EC2Y,1
739,21,EC3A,EC3A,EC3A,1
740,21,EC3V,EC3V,EC3V,1
741,21,EC4A,EC4A,EC4A,1
742,21,EC4M,EC4M,EC4M,1
743,21,EC4N,EC4N,EC4N,1
744,21,EC4R,EC4R,EC4R,1
745,21,EC4V,EC4V,EC4V,1
746,21,EC4Y,EC4Y,EC4Y,1
747,21,SE11,SE11,SE11,1
748,21,RM2,RM2,RM2,1
749,21,RM1,RM1,RM1,1
750,22,SW1P,SW1P,SW1P,1
751,22,SW1V,SW1V,SW1V,1
752,22,SW1W,SW1W,SW1W,1
753,22,SW1X,SW1X,SW1X,1
754,22,SW1Y,SW1Y,SW1Y,1
755,22,W1B,W1B,W1B,1
756,22,W1C,W1C,W1C,1
757,22,W1D,W1D,W1D,1
758,22,W1F,W1F,W1F,1
759,22,W1G,W1G,W1G,1
760,22,W1H,W1H,W1H,1
761,22,W1J,W1J,W1J,1
762,22,W1K,W1K,W1K,1
763,22,W1S,W1S,W1S,1
764,22,W1T,W1T,W1T,1
765,22,W1U,W1U,W1U,1
766,22,W1W,W1W,W1W,1
767,22,WC1A,WC1A,WC1A,1
768,22,WC1B,WC1B,WC1B,1
769,22,WC1E,WC1E,WC1E,1
770,22,WC1H,WC1H,WC1H,1
771,22,WC1N,WC1N,WC1N,1
772,22,WC1R,WC1R,WC1R,1
773,22,WC1V,WC1V,WC1V,1
774,22,WC1X,WC1X,WC1X,1
775,22,WC2A,WC2A,WC2A,1
776,22,WC2B,WC2B,WC2B,1
777,22,WC2E,WC2E,WC2E,1
778,22,WC2H,WC2H,WC2H,1
779,22,WC2R,WC2R,WC2R,1
780,22,EC1A,EC1A,EC1A,1
781,22,EC1M,EC1M,EC1M,1
782,22,EC1N,EC1N,EC1N,1
783,22,EC1R,EC1R,EC1R,1
784,22,EC1V,EC1V,EC1V,1
785,22,EC1Y,EC1Y,EC1Y,1
786,22,EC2A,EC2A,EC2A,1
787,22,EC2M,EC2M,EC2M,1
788,22,EC2N,EC2N,EC2N,1
789,22,EC2R,EC2R,EC2R,1
790,22,EC2V,EC2V,EC2V,1
791,22,EC2Y,EC2Y,EC2Y,1
792,22,EC3A,EC3A,EC3A,1
793,22,EC3V,EC3V,EC3V,1
794,22,EC4A,EC4A,EC4A,1
795,22,EC4M,EC4M,EC4M,1
796,22,EC4N,EC4N,EC4N,1
797,22,EC4R,EC4R,EC4R,1
798,22,EC4V,EC4V,EC4V,1
799,22,EC4Y,EC4Y,EC4Y,1
800,22,SE11,SE11,SE11,1
801,22,RM2,RM2,RM2,1
802,22,RM1,RM1,RM1,1
803,23,SW1V,SW1V,SW1V,1
804,23,SW1W,SW1W,SW1W,1
805,23,SW1X,SW1X,SW1X,1
806,23,SW1Y,SW1Y,SW1Y,1
807,23,W1B,W1B,W1B,1
808,23,W1C,W1C,W1C,1
809,23,W1D,W1D,W1D,1
810,23,W1F,W1F,W1F,1
811,23,W1G,W1G,W1G,1
812,23,W1H,W1H,W1H,1
813,23,W1J,W1J,W1J,1
814,23,W1K,W1K,W1K,1
815,23,W1S,W1S,W1S,1
816,23,W1T,W1T,W1T,1
817,23,W1U,W1U,W1U,1
818,23,W1W,W1W,W1W,1
819,23,WC1A,WC1A,WC1A,1
820,23,WC1B,WC1B,WC1B,1
821,23,WC1E,WC1E,WC1E,1
822,23,WC1H,WC1H,WC1H,1
823,23,WC1N,WC1N,WC1N,1
824,23,WC1R,WC1R,WC1R,1
825,23,WC1V,WC1V,WC1V,1
826,23,WC1X,WC1X,WC1X,1
827,23,WC2A,WC2A,WC2A,1
828,23,WC2B,WC2B,WC2B,1
829,23,WC2E,WC2E,WC2E,1
830,23,WC2H,WC2H,WC2H,1
831,23,WC2R,WC2R,WC2R,1
832,23,EC1A,EC1A,EC1A,1
833,23,EC1M,EC1M,EC1M,1
834,23,EC1N,EC1N,EC1N,1
835,23,EC1R,EC1R,EC1R,1
836,23,EC1V,EC1V,EC1V,1
837,23,EC1Y,EC1Y,EC1Y,1
838,23,EC2A,EC2A,EC2A,1
839,23,EC2M,EC2M,EC2M,1
840,23,EC2N,EC2N,EC2N,1
841,23,EC2R,EC2R,EC2R,1
842,23,EC2V,EC2V,EC2V,1
843,23,EC2Y,EC2Y,EC2Y,1
844,23,EC3A,EC3A,EC3A,1
845,23,EC3V,EC3V,EC3V,1
846,23,EC4A,EC4A,EC4A,1
847,23,EC4M,EC4M,EC4M,1
848,23,EC4N,EC4N,EC4N,1
849,23,EC4R,EC4R,EC4R,1
850,23,EC4V,EC4V,EC4V,1
851,23,EC4Y,EC4Y,EC4Y,1
852,23,SE11,SE11,SE11,1
853,23,RM2,RM2,RM2,1
854,23,RM1,RM1,RM1,1
855,24,SW1W,SW1W,SW1W,1
856,24,SW1X,SW1X,SW1X,1
857,24,SW1Y,SW1Y,SW1Y,1
858,24,W1B,W1B,W1B,1
859,24,W1C,W1C,W1C,1
860,24,W1D,W1D,W1D,1
861,24,W1F,W1F,W1F,1
862,24,W1G,W1G,W1G,1
863,24,W1H,W1H,W1H,1
864,24,W1J,W1J,W1J,1
865,24,W1K,W1K,W1K,1
866,24,W1S,W1S,W1S,1
867,24,W1T,W1T,W1T,1
868,24,W1U,W1U,W1U,1
869,24,W1W,W1W,W1W,1
870,24,WC1A,WC1A,WC1A,1
871,24,WC1B,WC1B,WC1B,1
872,24,WC1E,WC1E,WC1E,1
873,24,WC1H,WC1H,WC1H,1
874,24,WC1N,WC1N,WC1N,1
875,24,WC1R,WC1R,WC1R,1
876,24,WC1V,WC1V,WC1V,1
877,24,WC1X,WC1X,WC1X,1
878,24,WC2A,WC2A,WC2A,1
879,24,WC2B,WC2B,WC2B,1
880,24,WC2E,WC2E,WC2E,1
881,24,WC2H,WC2H,WC2H,1
882,24,WC2R,WC2R,WC2R,1
883,24,EC1A,EC1A,EC1A,1
884,24,EC1M,EC1M,EC1M,1
885,24,EC1N,EC1N,EC1N,1
886,24,EC1R,EC1R,EC1R,1
887,24,EC1V,EC1V,EC1V,1
888,24,EC1Y,EC1Y,EC1Y,1
889,24,EC2A,EC2A,EC2A,1
890,24,EC2M,EC2M,EC2M,1
891,24,EC2N,EC2N,EC2N,1
892,24,EC2R,EC2R,EC2R,1
893,24,EC2V,EC2V,EC2V,1
894,24,EC2Y,EC2Y,EC2Y,1
895,24,EC3A,EC3A,EC3A,1
896,24,EC3V,EC3V,EC3V,1
897,24,EC4A,EC4A,EC4A,1
898,24,EC4M,EC4M,EC4M,1
899,24,EC4N,EC4N,EC4N,1
900,24,EC4R,EC4R,EC4R,1
901,24,EC4V,EC4V,EC4V,1
902,24,EC4Y,EC4Y,EC4Y,1
903,24,SE11,SE11,SE11,1
904,24,RM2,RM2,RM2,1
905,24,RM1,RM1,RM1,1
906,25,SW1X,SW1X,SW1X,1
907,25,SW1Y,SW1Y,SW1Y,1
908,25,W1B,W1B,W1B,1
909,25,W1C,W1C,W1C,1
910,25,W1D,W1D,W1D,1
911,25,W1F,W1F,W1F,1
912,25,W1G,W1G,W1G,1
913,25,W1H,W1H,W1H,1
914,25,W1J,W1J,W1J,1
915,25,W1K,W1K,W1K,1
916,25,W1S,W1S,W1S,1
917,25,W1T,W1T,W1T,1
918,25,W1U,W1U,W1U,1
919,25,W1W,W1W,W1W,1
920,25,WC1A,WC1A,WC1A,1
921,25,WC1B,WC1B,WC1B,1
922,25,WC1E,WC1E,WC1E,1
923,25,WC1H,WC1H,WC1H,1
924,25,WC1N,WC1N,WC1N,1
925,25,WC1R,WC1R,WC1R,1
926,25,WC1V,WC1V,WC1V,1
927,25,WC1X,WC1X,WC1X,1
928,25,WC2A,WC2A,WC2A,1
929,25,WC2B,WC2B,WC2B,1
930,25,WC2E,WC2E,WC2E,1
931,25,WC2H,WC2H,WC2H,1
932,25,WC2R,WC2R,WC2R,1
933,25,EC1A,EC1A,EC1A,1
934,25,EC1M,EC1M,EC1M,1
935,25,EC1N,EC1N,EC1N,1
936,25,EC1R,EC1R,EC1R,1
937,25,EC1V,EC1V,EC1V,1
938,25,EC1Y,EC1Y,EC1Y,1
939,25,EC2A,EC2A,EC2A,1
940,25,EC2M,EC2M,EC2M,1
941,25,EC2N,EC2N,EC2N,1
942,25,EC2R,EC2R,EC2R,1
943,25,EC2V,EC2V,EC2V,1
944,25,EC2Y,EC2Y,EC2Y,1
945,25,EC3A,EC3A,EC3A,1
946,25,EC3V,EC3V,EC3V,1
947,25,EC4A,EC4A,EC4A,1
948,25,EC4M,EC4M,EC4M,1
949,25,EC4N,EC4N,EC4N,1
950,25,EC4R,EC4R,EC4R,1
951,25,EC4V,EC4V,EC4V,1
952,25,EC4Y,EC4Y,EC4Y,1
953,25,SE11,SE11,SE11,1
954,25,RM2,RM2,RM2,1
955,25,RM1,RM1,RM1,1
956,26,SW1Y,SW1Y,SW1Y,1
957,26,W1B,W1B,W1B,1
958,26,W1C,W1C,W1C,1
959,26,W1D,W1D,W1D,1
960,26,W1F,W1F,W1F,1
961,26,W1G,W1G,W1G,1
962,26,W1H,W1H,W1H,1
963,26,W1J,W1J,W1J,1
964,26,W1K,W1K,W1K,1
965,26,W1S,W1S,W1S,1
966,26,W1T,W1T,W1T,1
967,26,W1U,W1U,W1U,1
968,26,W1W,W1W,W1W,1
969,26,WC1A,WC1A,WC1A,1
970,26,WC1B,WC1B,WC1B,1
971,26,WC1E,WC1E,WC1E,1
972,26,WC1H,WC1H,WC1H,1
973,26,WC1N,WC1N,WC1N,1
974,26,WC1R,WC1R,WC1R,1
975,26,WC1V,WC1V,WC1V,1
976,26,WC1X,WC1X,WC1X,1
977,26,WC2A,WC2A,WC2A,1
978,26,WC2B,WC2B,WC2B,1
979,26,WC2E,WC2E,WC2E,1
980,26,WC2H,WC2H,WC2H,1
981,26,WC2R,WC2R,WC2R,1
982,26,EC1A,EC1A,EC1A,1
983,26,EC1M,EC1M,EC1M,1
984,26,EC1N,EC1N,EC1N,1
985,26,EC1R,EC1R,EC1R,1
986,26,EC1V,EC1V,EC1V,1
987,26,EC1Y,EC1Y,EC1Y,1
988,26,EC2A,EC2A,EC2A,1
989,26,EC2M,EC2M,EC2M,1
990,26,EC2N,EC2N,EC2N,1
991,26,EC2R,EC2R,EC2R,1
992,26,EC2V,EC2V,EC2V,1
993,26,EC2Y,EC2Y,EC2Y,1
994,26,EC3A,EC3A,EC3A,1
995,26,EC3V,EC3V,EC3V,1
996,26,EC4A,EC4A,EC4A,1
997,26,EC4M,EC4M,EC4M,1
998,26,EC4N,EC4N,EC4N,1
999,26,EC4R,EC4R,EC4R,1
1000,26,EC4V,EC4V,EC4V,1
1001,26,EC4Y,EC4Y,EC4Y,1
1002,26,SE11,SE11,SE11,1
1003,26,RM2,RM2,RM2,1
1004,26,RM1,RM1,RM1,1
1005,27,W1B,W1B,W1B,1
1006,27,W1C,W1C,W1C,1
1007,27,W1D,W1D,W1D,1
1008,27,W1F,W1F,W1F,1
1009,27,W1G,W1G,W1G,1
1010,27,W1H,W1H,W1H,1
1011,27,W1J,W1J,W1J,1
1012,27,W1K,W1K,W1K,1
1013,27,W1S,W1S,W1S,1
1014,27,W1T,W1T,W1T,1
1015,27,W1U,W1U,W1U,1
1016,27,W1W,W1W,W1W,1
1017,27,WC1A,WC1A,WC1A,1
1018,27,WC1B,WC1B,WC1B,1
1019,27,WC1E,WC1E,WC1E,1
1020,27,WC1H,WC1H,WC1H,1
1021,27,WC1N,WC1N,WC1N,1
1022,27,WC1R,WC1R,WC1R,1
1023,27,WC1V,WC1V,WC1V,1
1024,27,WC1X,WC1X,WC1X,1
1025,27,WC2A,WC2A,WC2A,1
1026,27,WC2B,WC2B,WC2B,1
1027,27,WC2E,WC2E,WC2E,1
1028,27,WC2H,WC2H,WC2H,1
1029,27,WC2R,WC2R,WC2R,1
1030,27,EC1A,EC1A,EC1A,1
1031,27,EC1M,EC1M,EC1M,1
1032,27,EC1N,EC1N,EC1N,1
1033,27,EC1R,EC1R,EC1R,1
1034,27,EC1V,EC1V,EC1V,1
1035,27,EC1Y,EC1Y,EC1Y,1
1036,27,EC2A,EC2A,EC2A,1
1037,27,EC2M,EC2M,EC2M,1
1038,27,EC2N,EC2N,EC2N,1
1039,27,EC2R,EC2R,EC2R,1
1040,27,EC2V,EC2V,EC2V,1
1041,27,EC2Y,EC2Y,EC2Y,1
1042,27,EC3A,EC3A,EC3A,1
1043,27,EC3V,EC3V,EC3V,1
1044,27,EC4A,EC4A,EC4A,1
1045,27,EC4M,EC4M,EC4M,1
1046,27,EC4N,EC4N,EC4N,1
1047,27,EC4R,EC4R,EC4R,1
1048,27,EC4V,EC4V,EC4V,1
1049,27,EC4Y,EC4Y,EC4Y,1
1050,27,SE11,SE11,SE11,1
1051,27,RM2,RM2,RM2,1
1052,27,RM1,RM1,RM1,1
1053,28,W1C,W1C,W1C,1
1054,28,W1D,W1D,W1D,1
1055,28,W1F,W1F,W1F,1
1056,28,W1G,W1G,W1G,1
1057,28,W1H,W1H,W1H,1
1058,28,W1J,W1J,W1J,1
1059,28,W1K,W1K,W1K,1
1060,28,W1S,W1S,W1S,1
1061,28,W1T,W1T,W1T,1
1062,28,W1U,W1U,W1U,1
1063,28,W1W,W1W,W1W,1
1064,28,WC1A,WC1A,WC1A,1
1065,28,WC1B,WC1B,WC1B,1
1066,28,WC1E,WC1E,WC1E,1
1067,28,WC1H,WC1H,WC1H,1
1068,28,WC1N,WC1N,WC1N,1
1069,28,WC1R,WC1R,WC1R,1
1070,28,WC1V,WC1V,WC1V,1
1071,28,WC1X,WC1X,WC1X,1
1072,28,WC2A,WC2A,WC2A,1
1073,28,WC2B,WC2B,WC2B,1
1074,28,WC2E,WC2E,WC2E,1
1075,28,WC2H,WC2H,WC2H,1
1076,28,WC2R,WC2R,WC2R,1
1077,28,EC1A,EC1A,EC1A,1
1078,28,EC1M,EC1M,EC1M,1
1079,28,EC1N,EC1N,EC1N,1
1080,28,EC1R,EC1R,EC1R,1
1081,28,EC1V,EC1V,EC1V,1
1082,28,EC1Y,EC1Y,EC1Y,1
1083,28,EC2A,EC2A,EC2A,1
1084,28,EC2M,EC2M,EC2M,1
1085,28,EC2N,EC2N,EC2N,1
1086,28,EC2R,EC2R,EC2R,1
1087,28,EC2V,EC2V,EC2V,1
1088,28,EC2Y,EC2Y,EC2Y,1
1089,28,EC3A,EC3A,EC3A,1
1090,28,EC3V,EC3V,EC3V,1
1091,28,EC4A,EC4A,EC4A,1
1092,28,EC4M,EC4M,EC4M,1
1093,28,EC4N,EC4N,EC4N,1
1094,28,EC4R,EC4R,EC4R,1
1095,28,EC4V,EC4V,EC4V,1
1096,28,EC4Y,EC4Y,EC4Y,1
1097,28,SE11,SE11,SE11,1
1098,28,RM2,RM2,RM2,1
1099,28,RM1,RM1,RM1,1
1100,29,W1D,W1D,W1D,1
1101,29,W1F,W1F,W1F,1
1102,29,W1G,W1G,W1G,1
1103,29,W1H,W1H,W1H,1
1104,29,W1J,W1J,W1J,1
1105,29,W1K,W1K,W1K,1
1106,29,W1S,W1S,W1S,1
1107,29,W1T,W1T,W1T,1
1108,29,W1U,W1U,W1U,1
1109,29,W1W,W1W,W1W,1
1110,29,WC1A,WC1A,WC1A,1
1111,29,WC1B,WC1B,WC1B,1
1112,29,WC1E,WC1E,WC1E,1
1113,29,WC1H,WC1H,WC1H,1
1114,29,WC1N,WC1N,WC1N,1
1115,29,WC1R,WC1R,WC1R,1
1116,29,WC1V,WC1V,WC1V,1
1117,29,WC1X,WC1X,WC1X,1
1118,29,WC2A,WC2A,WC2A,1
1119,29,WC2B,WC2B,WC2B,1
1120,29,WC2E,WC2E,WC2E,1
1121,29,WC2H,WC2H,WC2H,1
1122,29,WC2R,WC2R,WC2R,1
1123,29,EC1A,EC1A,EC1A,1
1124,29,EC1M,EC1M,EC1M,1
1125,29,EC1N,EC1N,EC1N,1
1126,29,EC1R,EC1R,EC1R,1
1127,29,EC1V,EC1V,EC1V,1
1128,29,EC1Y,EC1Y,EC1Y,1
1129,29,EC2A,EC2A,EC2A,1
1130,29,EC2M,EC2M,EC2M,1
1131,29,EC2N,EC2N,EC2N,1
1132,29,EC2R,EC2R,EC2R,1
1133,29,EC2V,EC2V,EC2V,1
1134,29,EC2Y,EC2Y,EC2Y,1
1135,29,EC3A,EC3A,EC3A,1
1136,29,EC3V,EC3V,EC3V,1
1137,29,EC4A,EC4A,EC4A,1
1138,29,EC4M,EC4M,EC4M,1
1139,29,EC4N,EC4N,EC4N,1
1140,29,EC4R,EC4R,EC4R,1
1141,29,EC4V,EC4V,EC4V,1
1142,29,EC4Y,EC4Y,EC4Y,1
1143,29,SE11,SE11,SE11,1
1144,29,RM2,RM2,RM2,1
1145,29,RM1,RM1,RM1,1
1146,30,W1F,W1F,W1F,1
1147,30,W1G,W1G,W1G,1
1148,30,W1H,W1H,W1H,1
1149,30,W1J,W1J,W1J,1
1150,30,W1K,W1K,W1K,1
1151,30,W1S,W1S,W1S,1
1152,30,W1T,W1T,W1T,1
1153,30,W1U,W1U,W1U,1
1154,30,W1W,W1W,W1W,1
1155,30,WC1A,WC1A,WC1A,1
1156,30,WC1B,WC1B,WC1B,1
1157,30,WC1E,WC1E,WC1E,1
1158,30,WC1H,WC1H,WC1H,1
1159,30,WC1N,WC1N,WC1N,1
1160,30,WC1R,WC1R,WC1R,1
1161,30,WC1V,WC1V,WC1V,1
1162,30,WC1X,WC1X,WC1X,1
1163,30,WC2A,WC2A,WC2A,1
1164,30,WC2B,WC2B,WC2B,1
1165,30,WC2E,WC2E,WC2E,1
1166,30,WC2H,WC2H,WC2H,1
1167,30,WC2R,WC2R,WC2R,1
1168,30,EC1A,EC1A,EC1A,1
1169,30,EC1M,EC1M,EC1M,1
1170,30,EC1N,EC1N,EC1N,1
1171,30,EC1R,EC1R,EC1R,1
1172,30,EC1V,EC1V,EC1V,1
1173,30,EC1Y,EC1Y,EC1Y,1
1174,30,EC2A,EC2A,EC2A,1
1175,30,EC2M,EC2M,EC2M,1
1176,30,EC2N,EC2N,EC2N,1
1177,30,EC2R,EC2R,EC2R,1
1178,30,EC2V,EC2V,EC2V,1
1179,30,EC2Y,EC2Y,EC2Y,1
1180,30,EC3A,EC3A,EC3A,1
1181,30,EC3V,EC3V,EC3V,1
1182,30,EC4A,EC4A,EC4A,1
1183,30,EC4M,EC4M,EC4M,1
1184,30,EC4N,EC4N,EC4N,1
1185,30,EC4R,EC4R,EC4R,1
1186,30,EC4V,EC4V,EC4V,1
1187,30,EC4Y,EC4Y,EC4Y,1
1188,30,SE11,SE11,SE11,1
1189,30,RM2,RM2,RM2,1
1190,30,RM1,RM1,RM1,1
1191,31,W1G,W1G,W1G,1
1192,31,W1H,W1H,W1H,1
1193,31,W1J,W1J,W1J,1
1194,31,W1K,W1K,W1K,1
1195,31,W1S,W1S,W1S,1
1196,31,W1T,W1T,W1T,1
1197,31,W1U,W1U,W1U,1
1198,31,W1W,W1W,W1W,1
1199,31,WC1A,WC1A,WC1A,1
1200,31,WC1B,WC1B,WC1B,1
1201,31,WC1E,WC1E,WC1E,1
1202,31,WC1H,WC1H,WC1H,1
1203,31,WC1N,WC1N,WC1N,1
1204,31,WC1R,WC1R,WC1R,1
1205,31,WC1V,WC1V,WC1V,1
1206,31,WC1X,WC1X,WC1X,1
1207,31,WC2A,WC2A,WC2A,1
1208,31,WC2B,WC2B,WC2B,1
1209,31,WC2E,WC2E,WC2E,1
1210,31,WC2H,WC2H,WC2H,1
1211,31,WC2R,WC2R,WC2R,1
1212,31,EC1A,EC1A,EC1A,1
1213,31,EC1M,EC1M,EC1M,1
1214,31,EC1N,EC1N,EC1N,1
1215,31,EC1R,EC1R,EC1R,1
1216,31,EC1V,EC1V,EC1V,1
1217,31,EC1Y,EC1Y,EC1Y,1
1218,31,EC2A,EC2A,EC2A,1
1219,31,EC2M,EC2M,EC2M,1
1220,31,EC2N,EC2N,EC2N,1
1221,31,EC2R,EC2R,EC2R,1
1222,31,EC2V,EC2V,EC2V,1
1223,31,EC2Y,EC2Y,EC2Y,1
1224,31,EC3A,EC3A,EC3A,1
1225,31,EC3V,EC3V,EC3V,1
1226,31,EC4A,EC4A,EC4A,1
1227,31,EC4M,EC4M,EC4M,1
1228,31,EC4N,EC4N,EC4N,1
1229,31,EC4R,EC4R,EC4R,1
1230,31,EC4V,EC4V,EC4V,1
1231,31,EC4Y,EC4Y,EC4Y,1
1232,31,SE11,SE11,SE11,1
1233,31,RM2,RM2,RM2,1
1234,31,RM1,RM1,RM1,1
1235,32,W1H,W1H,W1H,1
1236,32,W1J,W1J,W1J,1
1237,32,W1K,W1K,W1K,1
1238,32,W1S,W1S,W1S,1
1239,32,W1T,W1T,W1T,1
1240,32,W1U,W1U,W1U,1
1241,32,W1W,W1W,W1W,1
1242,32,WC1A,WC1A,WC1A,1
1243,32,WC1B,WC1B,WC1B,1
1244,32,WC1E,WC1E,WC1E,1
1245,32,WC1H,WC1H,WC1H,1
1246,32,WC1N,WC1N,WC1N,1
1247,32,WC1R,WC1R,WC1R,1
1248,32,WC1V,WC1V,WC1V,1
1249,32,WC1X,WC1X,WC1X,1
1250,32,WC2A,WC2A,WC2A,1
1251,32,WC2B,WC2B,WC2B,1
1252,32,WC2E,WC2E,WC2E,1
1253,32,WC2H,WC2H,WC2H,1
1254,32,WC2R,WC2R,WC2R,1
1255,32,EC1A,EC1A,EC1A,1
1256,32,EC1M,EC1M,EC1M,1
1257,32,EC1N,EC1N,EC1N,1
1258,32,EC1R,EC1R,EC1R,1
1259,32,EC1V,EC1V,EC1V,1
1260,32,EC1Y,EC1Y,EC1Y,1
1261,32,EC2A,EC2A,EC2A,1
1262,32,EC2M,EC2M,EC2M,1
1263,32,EC2N,EC2N,EC2N,1
1264,32,EC2R,EC2R,EC2R,1
1265,32,EC2V,EC2V,EC2V,1
1266,32,EC2Y,EC2Y,EC2Y,1
1267,32,EC3A,EC3A,EC3A,1
1268,32,EC3V,EC3V,EC3V,1
1269,32,EC4A,EC4A,EC4A,1
1270,32,EC4M,EC4M,EC4M,1
1271,32,EC4N,EC4N,EC4N,1
1272,32,EC4R,EC4R,EC4R,1
1273,32,EC4V,EC4V,EC4V,1
1274,32,EC4Y,EC4Y,EC4Y,1
1275,32,SE11,SE11,SE11,1
1276,32,RM2,RM2,RM2,1
1277,32,RM1,RM1,RM1,1
1278,33,W1J,W1J,W1J,1
1279,33,W1K,W1K,W1K,1
1280,33,W1S,W1S,W1S,1
1281,33,W1T,W1T,W1T,1
1282,33,W1U,W1U,W1U,1
1283,33,W1W,W1W,W1W,1
1284,33,WC1A,WC1A,WC1A,1
1285,33,WC1B,WC1B,WC1B,1
1286,33,WC1E,WC1E,WC1E,1
1287,33,WC1H,WC1H,WC1H,1
1288,33,WC1N,WC1N,WC1N,1
1289,33,WC1R,WC1R,WC1R,1
1290,33,WC1V,WC1V,WC1V,1
1291,33,WC1X,WC1X,WC1X,1
1292,33,WC2A,WC2A,WC2A,1
1293,33,WC2B,WC2B,WC2B,1
1294,33,WC2E,WC2E,WC2E,1
1295,33,WC2H,WC2H,WC2H,1
1296,33,WC2R,WC2R,WC2R,1
1297,33,EC1A,EC1A,EC1A,1
1298,33,EC1M,EC1M,EC1M,1
1299,33,EC1N,EC1N,EC1N,1
1300,33,EC1R,EC1R,EC1R,1
1301,33,EC1V,EC1V,EC1V,1
1302,33,EC1Y,EC1Y,EC1Y,1
1303,33,EC2A,EC2A,EC2A,1
1304,33,EC2M,EC2M,EC2M,1
1305,33,EC2N,EC2N,EC2N,1
1306,33,EC2R,EC2R,EC2R,1
1307,33,EC2V,EC2V,EC2V,1
1308,33,EC2Y,EC2Y,EC2Y,1
1309,33,EC3A,EC3A,EC3A,1
1310,33,EC3V,EC3V,EC3V,1
1311,33,EC4A,EC4A,EC4A,1
1312,33,EC4M,EC4M,EC4M,1
1313,33,EC4N,EC4N,EC4N,1
1314,33,EC4R,EC4R,EC4R,1
1315,33,EC4V,EC4V,EC4V,1
1316,33,EC4Y,EC4Y,EC4Y,1
1317,33,SE11,SE11,SE11,1
1318,33,RM2,RM2,RM2,1
1319,33,RM1,RM1,RM1,1
1320,34,W1K,W1K,W1K,1
1321,34,W1S,W1S,W1S,1
1322,34,W1T,W1T,W1T,1
1323,34,W1U,W1U,W1U,1
1324,34,W1W,W1W,W1W,1
1325,34,WC1A,WC1A,WC1A,1
1326,34,WC1B,WC1B,WC1B,1
1327,34,WC1E,WC1E,WC1E,1
1328,34,WC1H,WC1H,WC1H,1
1329,34,WC1N,WC1N,WC1N,1
1330,34,WC1R,WC1R,WC1R,1
1331,34,WC1V,WC1V,WC1V,1
1332,34,WC1X,WC1X,WC1X,1
1333,34,WC2A,WC2A,WC2A,1
1334,34,WC2B,WC2B,WC2B,1
1335,34,WC2E,WC2E,WC2E,1
1336,34,WC2H,WC2H,WC2H,1
1337,34,WC2R,WC2R,WC2R,1
1338,34,EC1A,EC1A,EC1A,1
1339,34,EC1M,EC1M,EC1M,1
1340,34,EC1N,EC1N,EC1N,1
1341,34,EC1R,EC1R,EC1R,1
1342,34,EC1V,EC1V,EC1V,1
1343,34,EC1Y,EC1Y,EC1Y,1
1344,34,EC2A,EC2A,EC2A,1
1345,34,EC2M,EC2M,EC2M,1
1346,34,EC2N,EC2N,EC2N,1
1347,34,EC2R,EC2R,EC2R,1
1348,34,EC2V,EC2V,EC2V,1
1349,34,EC2Y,EC2Y,EC2Y,1
1350,34,EC3A,EC3A,EC3A,1
1351,34,EC3V,EC3V,EC3V,1
1352,34,EC4A,EC4A,EC4A,1
1353,34,EC4M,EC4M,EC4M,1
1354,34,EC4N,EC4N,EC4N,1
1355,34,EC4R,EC4R,EC4R,1
1356,34,EC4V,EC4V,EC4V,1
1357,34,EC4Y,EC4Y,EC4Y,1
1358,34,SE11,SE11,SE11,1
1359,34,RM2,RM2,RM2,1
1360,34,RM1,RM1,RM1,1
1361,35,W1S,W1S,W1S,1
1362,35,W1T,W1T,W1T,1
1363,35,W1U,W1U,W1U,1
1364,35,W1W,W1W,W1W,1
1365,35,WC1A,WC1A,WC1A,1
1366,35,WC1B,WC1B,WC1B,1
1367,35,WC1E,WC1E,WC1E,1
1368,35,WC1H,WC1H,WC1H,1
1369,35,WC1N,WC1N,WC1N,1
1370,35,WC1R,WC1R,WC1R,1
1371,35,WC1V,WC1V,WC1V,1
1372,35,WC1X,WC1X,WC1X,1
1373,35,WC2A,WC2A,WC2A,1
1374,35,WC2B,WC2B,WC2B,1
1375,35,WC2E,WC2E,WC2E,1
1376,35,WC2H,WC2H,WC2H,1
1377,35,WC2R,WC2R,WC2R,1
1378,35,EC1A,EC1A,EC1A,1
1379,35,EC1M,EC1M,EC1M,1
1380,35,EC1N,EC1N,EC1N,1
1381,35,EC1R,EC1R,EC1R,1
1382,35,EC1V,EC1V,EC1V,1
1383,35,EC1Y,EC1Y,EC1Y,1
1384,35,EC2A,EC2A,EC2A,1
1385,35,EC2M,EC2M,EC2M,1
1386,35,EC2N,EC2N,EC2N,1
1387,35,EC2R,EC2R,EC2R,1
1388,35,EC2V,EC2V,EC2V,1
1389,35,EC2Y,EC2Y,EC2Y,1
1390,35,EC3A,EC3A,EC3A,1
1391,35,EC3V,EC3V,EC3V,1
1392,35,EC4A,EC4A,EC4A,1
1393,35,EC4M,EC4M,EC4M,1
1394,35,EC4N,EC4N,EC4N,1
1395,35,EC4R,EC4R,EC4R,1
1396,35,EC4V,EC4V,EC4V,1
1397,35,EC4Y,EC4Y,EC4Y,1
1398,35,SE11,SE11,SE11,1
1399,35,RM2,RM2,RM2,1
1400,35,RM1,RM1,RM1,1
1401,36,W1T,W1T,W1T,1
1402,36,W1U,W1U,W1U,1
1403,36,W1W,W1W,W1W,1
1404,36,WC1A,WC1A,WC1A,1
1405,36,WC1B,WC1B,WC1B,1
1406,36,WC1E,WC1E,WC1E,1
1407,36,WC1H,WC1H,WC1H,1
1408,36,WC1N,WC1N,WC1N,1
1409,36,WC1R,WC1R,WC1R,1
1410,36,WC1V,WC1V,WC1V,1
1411,36,WC1X,WC1X,WC1X,1
1412,36,WC2A,WC2A,WC2A,1
1413,36,WC2B,WC2B,WC2B,1
1414,36,WC2E,WC2E,WC2E,1
1415,36,WC2H,WC2H,WC2H,1
1416,36,WC2R,WC2R,WC2R,1
1417,36,EC1A,EC1A,EC1A,1
1418,36,EC1M,EC1M,EC1M,1
1419,36,EC1N,EC1N,EC1N,1
1420,36,EC1R,EC1R,EC1R,1
1421,36,EC1V,EC1V,EC1V,1
1422,36,EC1Y,EC1Y,EC1Y,1
1423,36,EC2A,EC2A,EC2A,1
1424,36,EC2M,EC2M,EC2M,1
1425,36,EC2N,EC2N,EC2N,1
1426,36,EC2R,EC2R,EC2R,1
1427,36,EC2V,EC2V,EC2V,1
1428,36,EC2Y,EC2Y,EC2Y,1
1429,36,EC3A,EC3A,EC3A,1
1430,36,EC3V,EC3V,EC3V,1
1431,36,EC4A,EC4A,EC4A,1
1432,36,EC4M,EC4M,EC4M,1
1433,36,EC4N,EC4N,EC4N,1
1434,36,EC4R,EC4R,EC4R,1
1435,36,EC4V,EC4V,EC4V,1
1436,36,EC4Y,EC4Y,EC4Y,1
1437,36,SE11,SE11,SE11,1
1438,36,RM2,RM2,RM2,1
1439,36,RM1,RM1,RM1,1
1440,37,W1U,W1U,W1U,1
1441,37,W1W,W1W,W1W,1
1442,37,WC1A,WC1A,WC1A,1
1443,37,WC1B,WC1B,WC1B,1
1444,37,WC1E,WC1E,WC1E,1
1445,37,WC1H,WC1H,WC1H,1
1446,37,WC1N,WC1N,WC1N,1
1447,37,WC1R,WC1R,WC1R,1
1448,37,WC1V,WC1V,WC1V,1
1449,37,WC1X,WC1X,WC1X,1
1450,37,WC2A,WC2A,WC2A,1
1451,37,WC2B,WC2B,WC2B,1
1452,37,WC2E,WC2E,WC2E,1
1453,37,WC2H,WC2H,WC2H,1
1454,37,WC2R,WC2R,WC2R,1
1455,37,EC1A,EC1A,EC1A,1
1456,37,EC1M,EC1M,EC1M,1
1457,37,EC1N,EC1N,EC1N,1
1458,37,EC1R,EC1R,EC1R,1
1459,37,EC1V,EC1V,EC1V,1
1460,37,EC1Y,EC1Y,EC1Y,1
1461,37,EC2A,EC2A,EC2A,1
1462,37,EC2M,EC2M,EC2M,1
1463,37,EC2N,EC2N,EC2N,1
1464,37,EC2R,EC2R,EC2R,1
1465,37,EC2V,EC2V,EC2V,1
1466,37,EC2Y,EC2Y,EC2Y,1
1467,37,EC3A,EC3A,EC3A,1
1468,37,EC3V,EC3V,EC3V,1
1469,37,EC4A,EC4A,EC4A,1
1470,37,EC4M,EC4M,EC4M,1
1471,37,EC4N,EC4N,EC4N,1
1472,37,EC4R,EC4R,EC4R,1
1473,37,EC4V,EC4V,EC4V,1
1474,37,EC4Y,EC4Y,EC4Y,1
1475,37,SE11,SE11,SE11,1
1476,37,RM2,RM2,RM2,1
1477,37,RM1,RM1,RM1,1
1478,38,W1W,W1W,W1W,1
1479,38,WC1A,WC1A,WC1A,1
1480,38,WC1B,WC1B,WC1B,1
1481,38,WC1E,WC1E,WC1E,1
1482,38,WC1H,WC1H,WC1H,1
1483,38,WC1N,WC1N,WC1N,1
1484,38,WC1R,WC1R,WC1R,1
1485,38,WC1V,WC1V,WC1V,1
1486,38,WC1X,WC1X,WC1X,1
1487,38,WC2A,WC2A,WC2A,1
1488,38,WC2B,WC2B,WC2B,1
1489,38,WC2E,WC2E,WC2E,1
1490,38,WC2H,WC2H,WC2H,1
1491,38,WC2R,WC2R,WC2R,1
1492,38,EC1A,EC1A,EC1A,1
1493,38,EC1M,EC1M,EC1M,1
1494,38,EC1N,EC1N,EC1N,1
1495,38,EC1R,EC1R,EC1R,1
1496,38,EC1V,EC1V,EC1V,1
1497,38,EC1Y,EC1Y,EC1Y,1
1498,38,EC2A,EC2A,EC2A,1
1499,38,EC2M,EC2M,EC2M,1
1500,38,EC2N,EC2N,EC2N,1
1501,38,EC2R,EC2R,EC2R,1
1502,38,EC2V,EC2V,EC2V,1
1503,38,EC2Y,EC2Y,EC2Y,1
1504,38,EC3A,EC3A,EC3A,1
1505,38,EC3V,EC3V,EC3V,1
1506,38,EC4A,EC4A,EC4A,1
1507,38,EC4M,EC4M,EC4M,1
1508,38,EC4N,EC4N,EC4N,1
1509,38,EC4R,EC4R,EC4R,1
1510,38,EC4V,EC4V,EC4V,1
1511,38,EC4Y,EC4Y,EC4Y,1
1512,38,SE11,SE11,SE11,1
1513,38,RM2,RM2,RM2,1
1514,38,RM1,RM1,RM1,1
1515,39,WC1A,WC1A,WC1A,1
1516,39,WC1B,WC1B,WC1B,1
1517,39,WC1E,WC1E,WC1E,1
1518,39,WC1H,WC1H,WC1H,1
1519,39,WC1N,WC1N,WC1N,1
1520,39,WC1R,WC1R,WC1R,1
1521,39,WC1V,WC1V,WC1V,1
1522,39,WC1X,WC1X,WC1X,1
1523,39,WC2A,WC2A,WC2A,1
1524,39,WC2B,WC2B,WC2B,1
1525,39,WC2E,WC2E,WC2E,1
1526,39,WC2H,WC2H,WC2H,1
1527,39,WC2R,WC2R,WC2R,1
1528,39,EC1A,EC1A,EC1A,1
1529,39,EC1M,EC1M,EC1M,1
1530,39,EC1N,EC1N,EC1N,1
1531,39,EC1R,EC1R,EC1R,1
1532,39,EC1V,EC1V,EC1V,1
1533,39,EC1Y,EC1Y,EC1Y,1
1534,39,EC2A,EC2A,EC2A,1
1535,39,EC2M,EC2M,EC2M,1
1536,39,EC2N,EC2N,EC2N,1
1537,39,EC2R,EC2R,EC2R,1
1538,39,EC2V,EC2V,EC2V,1
1539,39,EC2Y,EC2Y,EC2Y,1
1540,39,EC3A,EC3A,EC3A,1
1541,39,EC3V,EC3V,EC3V,1
1542,39,EC4A,EC4A,EC4A,1
1543,39,EC4M,EC4M,EC4M,1
1544,39,EC4N,EC4N,EC4N,1
1545,39,EC4R,EC4R,EC4R,1
1546,39,EC4V,EC4V,EC4V,1
1547,39,EC4Y,EC4Y,EC4Y,1
1548,39,SE11,SE11,SE11,1
1549,39,RM2,RM2,RM2,1
1550,39,RM1,RM1,RM1,1
1551,40,WC1B,WC1B,WC1B,1
1552,40,WC1E,WC1E,WC1E,1
1553,40,WC1H,WC1H,WC1H,1
1554,40,WC1N,WC1N,WC1N,1
1555,40,WC1R,WC1R,WC1R,1
1556,40,WC1V,WC1V,WC1V,1
1557,40,WC1X,WC1X,WC1X,1
1558,40,WC2A,WC2A,WC2A,1
1559,40,WC2B,WC2B,WC2B,1
1560,40,WC2E,WC2E,WC2E,1
1561,40,WC2H,WC2H,WC2H,1
1562,40,WC2R,WC2R,WC2R,1
1563,40,EC1A,EC1A,EC1A,1
1564,40,EC1M,EC1M,EC1M,1
1565,40,EC1N,EC1N,EC1N,1
1566,40,EC1R,EC1R,EC1R,1
1567,40,EC1V,EC1V,EC1V,1
1568,40,EC1Y,EC1Y,EC1Y,1
1569,40,EC2A,EC2A,EC2A,1
1570,40,EC2M,EC2M,EC2M,1
1571,40,EC2N,EC2N,EC2N,1
1572,40,EC2R,EC2R,EC2R,1
1573,40,EC2V,EC2V,EC2V,1
1574,40,EC2Y,EC2Y,EC2Y,1
1575,40,EC3A,EC3A,EC3A,1
1576,40,EC3V,EC3V,EC3V,1
1577,40,EC4A,EC4A,EC4A,1
1578,40,EC4M,EC4M,EC4M,1
1579,40,EC4N,EC4N,EC4N,1
1580,40,EC4R,EC4R,EC4R,1
1581,40,EC4V,EC4V,EC4V,1
1582,40,EC4Y,EC4Y,EC4Y,1
1583,40,SE11,SE11,SE11,1
1584,40,RM2,RM2,RM2,1
1585,40,RM1,RM1,RM1,1
1586,41,WC1E,WC1E,WC1E,1
1587,41,WC1H,WC1H,WC1H,1
1588,41,WC1N,WC1N,WC1N,1
1589,41,WC1R,WC1R,WC1R,1
1590,41,WC1V,WC1V,WC1V,1
1591,41,WC1X,WC1X,WC1X,1
1592,41,WC2A,WC2A,WC2A,1
1593,41,WC2B,WC2B,WC2B,1
1594,41,WC2E,WC2E,WC2E,1
1595,41,WC2H,WC2H,WC2H,1
1596,41,WC2R,WC2R,WC2R,1
1597,41,EC1A,EC1A,EC1A,1
1598,41,EC1M,EC1M,EC1M,1
1599,41,EC1N,EC1N,EC1N,1
1600,41,EC1R,EC1R,EC1R,1
1601,41,EC1V,EC1V,EC1V,1
1602,41,EC1Y,EC1Y,EC1Y,1
1603,41,EC2A,EC2A,EC2A,1
1604,41,EC2M,EC2M,EC2M,1
1605,41,EC2N,EC2N,EC2N,1
1606,41,EC2R,EC2R,EC2R,1
1607,41,EC2V,EC2V,EC2V,1
1608,41,EC2Y,EC2Y,EC2Y,1
1609,41,EC3A,EC3A,EC3A,1
1610,41,EC3V,EC3V,EC3V,1
1611,41,EC4A,EC4A,EC4A,1
1612,41,EC4M,EC4M,EC4M,1
1613,41,EC4N,EC4N,EC4N,1
1614,41,EC4R,EC4R,EC4R,1
1615,41,EC4V,EC4V,EC4V,1
1616,41,EC4Y,EC4Y,EC4Y,1
1617,41,SE11,SE11,SE11,1
1618,41,RM2,RM2,RM2,1
1619,41,RM1,RM1,RM1,1
1620,42,WC1H,WC1H,WC1H,1
1621,42,WC1N,WC1N,WC1N,1
1622,42,WC1R,WC1R,WC1R,1
1623,42,WC1V,WC1V,WC1V,1
1624,42,WC1X,WC1X,WC1X,1
1625,42,WC2A,WC2A,WC2A,1
1626,42,WC2B,WC2B,WC2B,1
1627,42,WC2E,WC2E,WC2E,1
1628,42,WC2H,WC2H,WC2H,1
1629,42,WC2R,WC2R,WC2R,1
1630,42,EC1A,EC1A,EC1A,1
1631,42,EC1M,EC1M,EC1M,1
1632,42,EC1N,EC1N,EC1N,1
1633,42,EC1R,EC1R,EC1R,1
1634,42,EC1V,EC1V,EC1V,1
1635,42,EC1Y,EC1Y,EC1Y,1
1636,42,EC2A,EC2A,EC2A,1
1637,42,EC2M,EC2M,EC2M,1
1638,42,EC2N,EC2N,EC2N,1
1639,42,EC2R,EC2R,EC2R,1
1640,42,EC2V,EC2V,EC2V,1
1641,42,EC2Y,EC2Y,EC2Y,1
1642,42,EC3A,EC3A,EC3A,1
1643,42,EC3V,EC3V,EC3V,1
1644,42,EC4A,EC4A,EC4A,1
1645,42,EC4M,EC4M,EC4M,1
1646,42,EC4N,EC4N,EC4N,1
1647,42,EC4R,EC4R,EC4R,1
1648,42,EC4V,EC4V,EC4V,1
1649,42,EC4Y,EC4Y,EC4Y,1
1650,42,SE11,SE11,SE11,1
1651,42,RM2,RM2,RM2,1
1652,42,RM1,RM1,RM1,1
1653,43,WC1N,WC1N,WC1N,1
1654,43,WC1R,WC1R,WC1R,1
1655,43,WC1V,WC1V,WC1V,1
1656,43,WC1X,WC1X,WC1X,1
1657,43,WC2A,WC2A,WC2A,1
1658,43,WC2B,WC2B,WC2B,1
1659,43,WC2E,WC2E,WC2E,1
1660,43,WC2H,WC2H,WC2H,1
1661,43,WC2R,WC2R,WC2R,1
1662,43,EC1A,EC1A,EC1A,1
1663,43,EC1M,EC1M,EC1M,1
1664,43,EC1N,EC1N,EC1N,1
1665,43,EC1R,EC1R,EC1R,1
1666,43,EC1V,EC1V,EC1V,1
1667,43,EC1Y,EC1Y,EC1Y,1
1668,43,EC2A,EC2A,EC2A,1
1669,43,EC2M,EC2M,EC2M,1
1670,43,EC2N,EC2N,EC2N,1
1671,43,EC2R,EC2R,EC2R,1
1672,43,EC2V,EC2V,EC2V,1
1673,43,EC2Y,EC2Y,EC2Y,1
1674,43,EC3A,EC3A,EC3A,1
1675,43,EC3V,EC3V,EC3V,1
1676,43,EC4A,EC4A,EC4A,1
1677,43,EC4M,EC4M,EC4M,1
1678,43,EC4N,EC4N,EC4N,1
1679,43,EC4R,EC4R,EC4R,1
1680,43,EC4V,EC4V,EC4V,1
1681,43,EC4Y,EC4Y,EC4Y,1
1682,43,SE11,SE11,SE11,1
1683,43,RM2,RM2,RM2,1
1684,43,RM1,RM1,RM1,1
1685,44,WC1R,WC1R,WC1R,1
1686,44,WC1V,WC1V,WC1V,1
1687,44,WC1X,WC1X,WC1X,1
1688,44,WC2A,WC2A,WC2A,1
1689,44,WC2B,WC2B,WC2B,1
1690,44,WC2E,WC2E,WC2E,1
1691,44,WC2H,WC2H,WC2H,1
1692,44,WC2R,WC2R,WC2R,1
1693,44,EC1A,EC1A,EC1A,1
1694,44,EC1M,EC1M,EC1M,1
1695,44,EC1N,EC1N,EC1N,1
1696,44,EC1R,EC1R,EC1R,1
1697,44,EC1V,EC1V,EC1V,1
1698,44,EC1Y,EC1Y,EC1Y,1
1699,44,EC2A,EC2A,EC2A,1
1700,44,EC2M,EC2M,EC2M,1
1701,44,EC2N,EC2N,EC2N,1
1702,44,EC2R,EC2R,EC2R,1
1703,44,EC2V,EC2V,EC2V,1
1704,44,EC2Y,EC2Y,EC2Y,1
1705,44,EC3A,EC3A,EC3A,1
1706,44,EC3V,EC3V,EC3V,1
1707,44,EC4A,EC4A,EC4A,1
1708,44,EC4M,EC4M,EC4M,1
1709,44,EC4N,EC4N,EC4N,1
1710,44,EC4R,EC4R,EC4R,1
1711,44,EC4V,EC4V,EC4V,1
1712,44,EC4Y,EC4Y,EC4Y,1
1713,44,SE11,SE11,SE11,1
1714,44,RM2,RM2,RM2,1
1715,44,RM1,RM1,RM1,1
1716,45,WC1V,WC1V,WC1V,1
1717,45,WC1X,WC1X,WC1X,1
1718,45,WC2A,WC2A,WC2A,1
1719,45,WC2B,WC2B,WC2B,1
1720,45,WC2E,WC2E,WC2E,1
1721,45,WC2H,WC2H,WC2H,1
1722,45,WC2R,WC2R,WC2R,1
1723,45,EC1A,EC1A,EC1A,1
1724,45,EC1M,EC1M,EC1M,1
1725,45,EC1N,EC1N,EC1N,1
1726,45,EC1R,EC1R,EC1R,1
1727,45,EC1V,EC1V,EC1V,1
1728,45,EC1Y,EC1Y,EC1Y,1
1729,45,EC2A,EC2A,EC2A,1
1730,45,EC2M,EC2M,EC2M,1
1731,45,EC2N,EC2N,EC2N,1
1732,45,EC2R,EC2R,EC2R,1
1733,45,EC2V,EC2V,EC2V,1
1734,45,EC2Y,EC2Y,EC2Y,1
1735,45,EC3A,EC3A,EC3A,1
1736,45,EC3V,EC3V,EC3V,1
1737,45,EC4A,EC4A,EC4A,1
1738,45,EC4M,EC4M,EC4M,1
1739,45,EC4N,EC4N,EC4N,1
1740,45,EC4R,EC4R,EC4R,1
1741,45,EC4V,EC4V,EC4V,1
1742,45,EC4Y,EC4Y,EC4Y,1
1743,45,SE11,SE11,SE11,1
1744,45,RM2,RM2,RM2,1
1745,45,RM1,RM1,RM1,1
1746,46,WC1X,WC1X,WC1X,1
1747,46,WC2A,WC2A,WC2A,1
1748,46,WC2B,WC2B,WC2B,1
1749,46,WC2E,WC2E,WC2E,1
1750,46,WC2H,WC2H,WC2H,1
1751,46,WC2R,WC2R,WC2R,1
1752,46,EC1A,EC1A,EC1A,1
1753,46,EC1M,EC1M,EC1M,1
1754,46,EC1N,EC1N,EC1N,1
1755,46,EC1R,EC1R,EC1R,1
1756,46,EC1V,EC1V,EC1V,1
1757,46,EC1Y,EC1Y,EC1Y,1
1758,46,EC2A,EC2A,EC2A,1
1759,46,EC2M,EC2M,EC2M,1
1760,46,EC2N,EC2N,EC2N,1
1761,46,EC2R,EC2R,EC2R,1
1762,46,EC2V,EC2V,EC2V,1
1763,46,EC2Y,EC2Y,EC2Y,1
1764,46,EC3A,EC3A,EC3A,1
1765,46,EC3V,EC3V,EC3V,1
1766,46,EC4A,EC4A,EC4A,1
1767,46,EC4M,EC4M,EC4M,1
1768,46,EC4N,EC4N,EC4N,1
1769,46,EC4R,EC4R,EC4R,1
1770,46,EC4V,EC4V,EC4V,1
1771,46,EC4Y,EC4Y,EC4Y,1
1772,46,SE11,SE11,SE11,1
1773,46,RM2,RM2,RM2,1
1774,46,RM1,RM1,RM1,1
1775,47,WC2A,WC2A,WC2A,1
1776,47,WC2B,WC2B,WC2B,1
1777,47,WC2E,WC2E,WC2E,1
1778,47,WC2H,WC2H,WC2H,1
1779,47,WC2R,WC2R,WC2R,1
1780,47,EC1A,EC1A,EC1A,1
1781,47,EC1M,EC1M,EC1M,1
1782,47,EC1N,EC1N,EC1N,1
1783,47,EC1R,EC1R,EC1R,1
1784,47,EC1V,EC1V,EC1V,1
1785,47,EC1Y,EC1Y,EC1Y,1
1786,47,EC2A,EC2A,EC2A,1
1787,47,EC2M,EC2M,EC2M,1
1788,47,EC2N,EC2N,EC2N,1
1789,47,EC2R,EC2R,EC2R,1
1790,47,EC2V,EC2V,EC2V,1
1791,47,EC2Y,EC2Y,EC2Y,1
1792,47,EC3A,EC3A,EC3A,1
1793,47,EC3V,EC3V,EC3V,1
1794,47,EC4A,EC4A,EC4A,1
1795,47,EC4M,EC4M,EC4M,1
1796,47,EC4N,EC4N,EC4N,1
1797,47,EC4R,EC4R,EC4R,1
1798,47,EC4V,EC4V,EC4V,1
1799,47,EC4Y,EC4Y,EC4Y,1
1800,47,SE11,SE11,SE11,1
1801,47,RM2,RM2,RM2,1
1802,47,RM1,RM1,RM1,1
1803,48,WC2B,WC2B,WC2B,1
1804,48,WC2E,WC2E,WC2E,1
1805,48,WC2H,WC2H,WC2H,1
1806,48,WC2R,WC2R,WC2R,1
1807,48,EC1A,EC1A,EC1A,1
1808,48,EC1M,EC1M,EC1M,1
1809,48,EC1N,EC1N,EC1N,1
1810,48,EC1R,EC1R,EC1R,1
1811,48,EC1V,EC1V,EC1V,1
1812,48,EC1Y,EC1Y,EC1Y,1
1813,48,EC2A,EC2A,EC2A,1
1814,48,EC2M,EC2M,EC2M,1
1815,48,EC2N,EC2N,EC2N,1
1816,48,EC2R,EC2R,EC2R,1
1817,48,EC2V,EC2V,EC2V,1
1818,48,EC2Y,EC2Y,EC2Y,1
1819,48,EC3A,EC3A,EC3A,1
1820,48,EC3V,EC3V,EC3V,1
1821,48,EC4A,EC4A,EC4A,1
1822,48,EC4M,EC4M,EC4M,1
1823,48,EC4N,EC4N,EC4N,1
1824,48,EC4R,EC4R,EC4R,1
1825,48,EC4V,EC4V,EC4V,1
1826,48,EC4Y,EC4Y,EC4Y,1
1827,48,SE11,SE11,SE11,1
1828,48,RM2,RM2,RM2,1
1829,48,RM1,RM1,RM1,1
1830,49,WC2E,WC2E,WC2E,1
1831,49,WC2H,WC2H,WC2H,1
1832,49,WC2R,WC2R,WC2R,1
1833,49,EC1A,EC1A,EC1A,1
1834,49,EC1M,EC1M,EC1M,1
1835,49,EC1N,EC1N,EC1N,1
1836,49,EC1R,EC1R,EC1R,1
1837,49,EC1V,EC1V,EC1V,1
1838,49,EC1Y,EC1Y,EC1Y,1
1839,49,EC2A,EC2A,EC2A,1
1840,49,EC2M,EC2M,EC2M,1
1841,49,EC2N,EC2N,EC2N,1
1842,49,EC2R,EC2R,EC2R,1
1843,49,EC2V,EC2V,EC2V,1
1844,49,EC2Y,EC2Y,EC2Y,1
1845,49,EC3A,EC3A,EC3A,1
1846,49,EC3V,EC3V,EC3V,1
1847,49,EC4A,EC4A,EC4A,1
1848,49,EC4M,EC4M,EC4M,1
1849,49,EC4N,EC4N,EC4N,1
1850,49,EC4R,EC4R,EC4R,1
1851,49,EC4V,EC4V,EC4V,1
1852,49,EC4Y,EC4Y,EC4Y,1
1853,49,SE11,SE11,SE11,1
1854,49,RM2,RM2,RM2,1
1855,49,RM1,RM1,RM1,1
1856,50,WC2H,WC2H,WC2H,1
1857,50,WC2R,WC2R,WC2R,1
1858,50,EC1A,EC1A,EC1A,1
1859,50,EC1M,EC1M,EC1M,1
1860,50,EC1N,EC1N,EC1N,1
1861,50,EC1R,EC1R,EC1R,1
1862,50,EC1V,EC1V,EC1V,1
1863,50,EC1Y,EC1Y,EC1Y,1
1864,50,EC2A,EC2A,EC2A,1
1865,50,EC2M,EC2M,EC2M,1
1866,50,EC2N,EC2N,EC2N,1
1867,50,EC2R,EC2R,EC2R,1
1868,50,EC2V,EC2V,EC2V,1
1869,50,EC2Y,EC2Y,EC2Y,1
1870,50,EC3A,EC3A,EC3A,1
1871,50,EC3V,EC3V,EC3V,1
1872,50,EC4A,EC4A,EC4A,1
1873,50,EC4M,EC4M,EC4M,1
1874,50,EC4N,EC4N,EC4N,1
1875,50,EC4R,EC4R,EC4R,1
1876,50,EC4V,EC4V,EC4V,1
1877,50,EC4Y,EC4Y,EC4Y,1
1878,50,SE11,SE11,SE11,1
1879,50,RM2,RM2,RM2,1
1880,50,RM1,RM1,RM1,1
1881,51,WC2R,WC2R,WC2R,1
1882,51,EC1A,EC1A,EC1A,1
1883,51,EC1M,EC1M,EC1M,1
1884,51,EC1N,EC1N,EC1N,1
1885,51,EC1R,EC1R,EC1R,1
1886,51,EC1V,EC1V,EC1V,1
1887,51,EC1Y,EC1Y,EC1Y,1
1888,51,EC2A,EC2A,EC2A,1
1889,51,EC2M,EC2M,EC2M,1
1890,51,EC2N,EC2N,EC2N,1
1891,51,EC2R,EC2R,EC2R,1
1892,51,EC2V,EC2V,EC2V,1
1893,51,EC2Y,EC2Y,EC2Y,1
1894,51,EC3A,EC3A,EC3A,1
1895,51,EC3V,EC3V,EC3V,1
1896,51,EC4A,EC4A,EC4A,1
1897,51,EC4M,EC4M,EC4M,1
1898,51,EC4N,EC4N,EC4N,1
1899,51,EC4R,EC4R,EC4R,1
1900,51,EC4V,EC4V,EC4V,1
1901,51,EC4Y,EC4Y,EC4Y,1
1902,51,SE11,SE11,SE11,1
1903,51,RM2,RM2,RM2,1
1904,51,RM1,RM1,RM1,1
1905,52,EC1A,EC1A,EC1A,1
1906,52,EC1M,EC1M,EC1M,1
1907,52,EC1N,EC1N,EC1N,1
1908,52,EC1R,EC1R,EC1R,1
1909,52,EC1V,EC1V,EC1V,1
1910,52,EC1Y,EC1Y,EC1Y,1
1911,52,EC2A,EC2A,EC2A,1
1912,52,EC2M,EC2M,EC2M,1
1913,52,EC2N,EC2N,EC2N,1
1914,52,EC2R,EC2R,EC2R,1
1915,52,EC2V,EC2V,EC2V,1
1916,52,EC2Y,EC2Y,EC2Y,1
1917,52,EC3A,EC3A,EC3A,1
1918,52,EC3V,EC3V,EC3V,1
1919,52,EC4A,EC4A,EC4A,1
1920,52,EC4M,EC4M,EC4M,1
1921,52,EC4N,EC4N,EC4N,1
1922,52,EC4R,EC4R,EC4R,1
1923,52,EC4V,EC4V,EC4V,1
1924,52,EC4Y,EC4Y,EC4Y,1
1925,52,SE11,SE11,SE11,1
1926,52,RM2,RM2,RM2,1
1927,52,RM1,RM1,RM1,1
1928,53,EC1M,EC1M,EC1M,1
1929,53,EC1N,EC1N,EC1N,1
1930,53,EC1R,EC1R,EC1R,1
1931,53,EC1V,EC1V,EC1V,1
1932,53,EC1Y,EC1Y,EC1Y,1
1933,53,EC2A,EC2A,EC2A,1
1934,53,EC2M,EC2M,EC2M,1
1935,53,EC2N,EC2N,EC2N,1
1936,53,EC2R,EC2R,EC2R,1
1937,53,EC2V,EC2V,EC2V,1
1938,53,EC2Y,EC2Y,EC2Y,1
1939,53,EC3A,EC3A,EC3A,1
1940,53,EC3V,EC3V,EC3V,1
1941,53,EC4A,EC4A,EC4A,1
1942,53,EC4M,EC4M,EC4M,1
1943,53,EC4N,EC4N,EC4N,1
1944,53,EC4R,EC4R,EC4R,1
1945,53,EC4V,EC4V,EC4V,1
1946,53,EC4Y,EC4Y,EC4Y,1
1947,53,SE11,SE11,SE11,1
1948,53,RM2,RM2,RM2,1
1949,53,RM1,RM1,RM1,1
1950,54,EC1N,EC1N,EC1N,1
1951,54,EC1R,EC1R,EC1R,1
1952,54,EC1V,EC1V,EC1V,1
1953,54,EC1Y,EC1Y,EC1Y,1
1954,54,EC2A,EC2A,EC2A,1
1955,54,EC2M,EC2M,EC2M,1
1956,54,EC2N,EC2N,EC2N,1
1957,54,EC2R,EC2R,EC2R,1
1958,54,EC2V,EC2V,EC2V,1
1959,54,EC2Y,EC2Y,EC2Y,1
1960,54,EC3A,EC3A,EC3A,1
1961,54,EC3V,EC3V,EC3V,1
1962,54,EC4A,EC4A,EC4A,1
1963,54,EC4M,EC4M,EC4M,1
1964,54,EC4N,EC4N,EC4N,1
1965,54,EC4R,EC4R,EC4R,1
1966,54,EC4V,EC4V,EC4V,1
1967,54,EC4Y,EC4Y,EC4Y,1
1968,54,SE11,SE11,SE11,1
1969,54,RM2,RM2,RM2,1
1970,54,RM1,RM1,RM1,1
1971,55,EC1R,EC1R,EC1R,1
1972,55,EC1V,EC1V,EC1V,1
1973,55,EC1Y,EC1Y,EC1Y,1
1974,55,EC2A,EC2A,EC2A,1
1975,55,EC2M,EC2M,EC2M,1
1976,55,EC2N,EC2N,EC2N,1
1977,55,EC2R,EC2R,EC2R,1
1978,55,EC2V,EC2V,EC2V,1
1979,55,EC2Y,EC2Y,EC2Y,1
1980,55,EC3A,EC3A,EC3A,1
1981,55,EC3V,EC3V,EC3V,1
1982,55,EC4A,EC4A,EC4A,1
1983,55,EC4M,EC4M,EC4M,1
1984,55,EC4N,EC4N,EC4N,1
1985,55,EC4R,EC4R,EC4R,1
1986,55,EC4V,EC4V,EC4V,1
1987,55,EC4Y,EC4Y,EC4Y,1
1988,55,SE11,SE11,SE11,1
1989,55,RM2,RM2,RM2,1
1990,55,RM1,RM1,RM1,1
1991,56,EC1V,EC1V,EC1V,1
1992,56,EC1Y,EC1Y,EC1Y,1
1993,56,EC2A,EC2A,EC2A,1
1994,56,EC2M,EC2M,EC2M,1
1995,56,EC2N,EC2N,EC2N,1
1996,56,EC2R,EC2R,EC2R,1
1997,56,EC2V,EC2V,EC2V,1
1998,56,EC2Y,EC2Y,EC2Y,1
1999,56,EC3A,EC3A,EC3A,1
2000,56,EC3V,EC3V,EC3V,1
2001,56,EC4A,EC4A,EC4A,1
2002,56,EC4M,EC4M,EC4M,1
2003,56,EC4N,EC4N,EC4N,1
2004,56,EC4R,EC4R,EC4R,1
2005,56,EC4V,EC4V,EC4V,1
2006,56,EC4Y,EC4Y,EC4Y,1
2007,56,SE11,SE11,SE11,1
2008,56,RM2,RM2,RM2,1
2009,56,RM1,RM1,RM1,1
2010,57,EC1Y,EC1Y,EC1Y,1
2011,57,EC2A,EC2A,EC2A,1
2012,57,EC2M,EC2M,EC2M,1
2013,57,EC2N,EC2N,EC2N,1
2014,57,EC2R,EC2R,EC2R,1
2015,57,EC2V,EC2V,EC2V,1
2016,57,EC2Y,EC2Y,EC2Y,1
2017,57,EC3A,EC3A,EC3A,1
2018,57,EC3V,EC3V,EC3V,1
2019,57,EC4A,EC4A,EC4A,1
2020,57,EC4M,EC4M,EC4M,1
2021,57,EC4N,EC4N,EC4N,1
2022,57,EC4R,EC4R,EC4R,1
2023,57,EC4V,EC4V,EC4V,1
2024,57,EC4Y,EC4Y,EC4Y,1
2025,57,SE11,SE11,SE11,1
2026,57,RM2,RM2,RM2,1
2027,57,RM1,RM1,RM1,1
2028,58,EC2A,EC2A,EC2A,1
2029,58,EC2M,EC2M,EC2M,1
2030,58,EC2N,EC2N,EC2N,1
2031,58,EC2R,EC2R,EC2R,1
2032,58,EC2V,EC2V,EC2V,1
2033,58,EC2Y,EC2Y,EC2Y,1
2034,58,EC3A,EC3A,EC3A,1
2035,58,EC3V,EC3V,EC3V,1
2036,58,EC4A,EC4A,EC4A,1
2037,58,EC4M,EC4M,EC4M,1
2038,58,EC4N,EC4N,EC4N,1
2039,58,EC4R,EC4R,EC4R,1
2040,58,EC4V,EC4V,EC4V,1
2041,58,EC4Y,EC4Y,EC4Y,1
2042,58,SE11,SE11,SE11,1
2043,58,RM2,RM2,RM2,1
2044,58,RM1,RM1,RM1,1
2045,59,EC2M,EC2M,EC2M,1
2046,59,EC2N,EC2N,EC2N,1
2047,59,EC2R,EC2R,EC2R,1
2048,59,EC2V,EC2V,EC2V,1
2049,59,EC2Y,EC2Y,EC2Y,1
2050,59,EC3A,EC3A,EC3A,1
2051,59,EC3V,EC3V,EC3V,1
2052,59,EC4A,EC4A,EC4A,1
2053,59,EC4M,EC4M,EC4M,1
2054,59,EC4N,EC4N,EC4N,1
2055,59,EC4R,EC4R,EC4R,1
2056,59,EC4V,EC4V,EC4V,1
2057,59,EC4Y,EC4Y,EC4Y,1
2058,59,SE11,SE11,SE11,1
2059,59,RM2,RM2,RM2,1
2060,59,RM1,RM1,RM1,1
2061,60,EC2N,EC2N,EC2N,1
2062,60,EC2R,EC2R,EC2R,1
2063,60,EC2V,EC2V,EC2V,1
2064,60,EC2Y,EC2Y,EC2Y,1
2065,60,EC3A,EC3A,EC3A,1
2066,60,EC3V,EC3V,EC3V,1
2067,60,EC4A,EC4A,EC4A,1
2068,60,EC4M,EC4M,EC4M,1
2069,60,EC4N,EC4N,EC4N,1
2070,60,EC4R,EC4R,EC4R,1
2071,60,EC4V,EC4V,EC4V,1
2072,60,EC4Y,EC4Y,EC4Y,1
2073,60,SE11,SE11,SE11,1
2074,60,RM2,RM2,RM2,1
2075,60,RM1,RM1,RM1,1
2076,61,EC2R,EC2R,EC2R,1
2077,61,EC2V,EC2V,EC2V,1
2078,61,EC2Y,EC2Y,EC2Y,1
2079,61,EC3A,EC3A,EC3A,1
2080,61,EC3V,EC3V,EC3V,1
2081,61,EC4A,EC4A,EC4A,1
2082,61,EC4M,EC4M,EC4M,1
2083,61,EC4N,EC4N,EC4N,1
2084,61,EC4R,EC4R,EC4R,1
2085,61,EC4V,EC4V,EC4V,1
2086,61,EC4Y,EC4Y,EC4Y,1
2087,61,SE11,SE11,SE11,1
2088,61,RM2,RM2,RM2,1
2089,61,RM1,RM1,RM1,1
2090,62,EC2V,EC2V,EC2V,1
2091,62,EC2Y,EC2Y,EC2Y,1
2092,62,EC3A,EC3A,EC3A,1
2093,62,EC3V,EC3V,EC3V,1
2094,62,EC4A,EC4A,EC4A,1
2095,62,EC4M,EC4M,EC4M,1
2096,62,EC4N,EC4N,EC4N,1
2097,62,EC4R,EC4R,EC4R,1
2098,62,EC4V,EC4V,EC4V,1
2099,62,EC4Y,EC4Y,EC4Y,1
2100,62,SE11,SE11,SE11,1
2101,62,RM2,RM2,RM2,1
2102,62,RM1,RM1,RM1,1
2103,63,EC2Y,EC2Y,EC2Y,1
2104,63,EC3A,EC3A,EC3A,1
2105,63,EC3V,EC3V,EC3V,1
2106,63,EC4A,EC4A,EC4A,1
2107,63,EC4M,EC4M,EC4M,1
2108,63,EC4N,EC4N,EC4N,1
2109,63,EC4R,EC4R,EC4R,1
2110,63,EC4V,EC4V,EC4V,1
2111,63,EC4Y,EC4Y,EC4Y,1
2112,63,SE11,SE11,SE11,1
2113,63,RM2,RM2,RM2,1
2114,63,RM1,RM1,RM1,1
2115,64,EC3A,EC3A,EC3A,1
2116,64,EC3V,EC3V,EC3V,1
2117,64,EC4A,EC4A,EC4A,1
2118,64,EC4M,EC4M,EC4M,1
2119,64,EC4N,EC4N,EC4N,1
2120,64,EC4R,EC4R,EC4R,1
2121,64,EC4V,EC4V,EC4V,1
2122,64,EC4Y,EC4Y,EC4Y,1
2123,64,SE11,SE11,SE11,1
2124,64,RM2,RM2,RM2,1
2125,64,RM1,RM1,RM1,1
2126,65,EC3M,EC3M,EC3M,1
2127,65,EC3N,EC3N,EC3N,1
2128,65,EC3R,EC3R,EC3R,1
2129,65,CM14,CM14,CM14,1
2130,65,RM3,RM3,RM3,1
2131,65,RM6,RM6,RM6,1
2132,65,CM13,CM13,CM13,1
2133,65,CM12,CM12,CM12,1
2134,65,CM4,CM4,CM4,1
2135,65,RM7,RM7,RM7,1
2136,65,IG2,IG2,IG2,1
2137,66,EC3N,EC3N,EC3N,1
2138,66,EC3R,EC3R,EC3R,1
2139,66,CM14,CM14,CM14,1
2140,66,RM3,RM3,RM3,1
2141,66,RM6,RM6,RM6,1
2142,66,CM13,CM13,CM13,1
2143,66,CM12,CM12,CM12,1
2144,66,CM4,CM4,CM4,1
2145,66,RM7,RM7,RM7,1
2146,66,IG2,IG2,IG2,1
2147,67,EC3R,EC3R,EC3R,1
2148,67,CM14,CM14,CM14,1
2149,67,RM3,RM3,RM3,1
2150,67,RM6,RM6,RM6,1
2151,67,CM13,CM13,CM13,1
2152,67,CM12,CM12,CM12,1
2153,67,CM4,CM4,CM4,1
2154,67,RM7,RM7,RM7,1
2155,67,IG2,IG2,IG2,1
2156,68,EC3V,EC3V,EC3V,1
2157,68,EC4A,EC4A,EC4A,1
2158,68,EC4M,EC4M,EC4M,1
2159,68,EC4N,EC4N,EC4N,1
2160,68,EC4R,EC4R,EC4R,1
2161,68,EC4V,EC4V,EC4V,1
2162,68,EC4Y,EC4Y,EC4Y,1
2163,68,SE11,SE11,SE11,1
2164,68,RM2,RM2,RM2,1
2165,68,RM1,RM1,RM1,1
2166,69,EC4A,EC4A,EC4A,1
2167,69,EC4M,EC4M,EC4M,1
2168,69,EC4N,EC4N,EC4N,1
2169,69,EC4R,EC4R,EC4R,1
2170,69,EC4V,EC4V,EC4V,1
2171,69,EC4Y,EC4Y,EC4Y,1
2172,69,SE11,SE11,SE11,1
2173,69,RM2,RM2,RM2,1
2174,69,RM1,RM1,RM1,1
2175,70,EC4M,EC4M,EC4M,1
2176,70,EC4N,EC4N,EC4N,1
2177,70,EC4R,EC4R,EC4R,1
2178,70,EC4V,EC4V,EC4V,1
2179,70,EC4Y,EC4Y,EC4Y,1
2180,70,SE11,SE11,SE11,1
2181,70,RM2,RM2,RM2,1
2182,70,RM1,RM1,RM1,1
2183,71,EC4N,EC4N,EC4N,1
2184,71,EC4R,EC4R,EC4R,1
2185,71,EC4V,EC4V,EC4V,1
2186,71,EC4Y,EC4Y,EC4Y,1
2187,71,SE11,SE11,SE11,1
2188,71,RM2,RM2,RM2,1
2189,71,RM1,RM1,RM1,1
2190,72,EC4R,EC4R,EC4R,1
2191,72,EC4V,EC4V,EC4V,1
2192,72,EC4Y,EC4Y,EC4Y,1
2193,72,SE11,SE11,SE11,1
2194,72,RM2,RM2,RM2,1
2195,72,RM1,RM1,RM1,1
2196,73,EC4V,EC4V,EC4V,1
2197,73,EC4Y,EC4Y,EC4Y,1
2198,73,SE11,SE11,SE11,1
2199,73,RM2,RM2,RM2,1
2200,73,RM1,RM1,RM1,1
2201,74,EC4Y,EC4Y,EC4Y,1
2202,74,SE11,SE11,SE11,1
2203,74,RM2,RM2,RM2,1
2204,74,RM1,RM1,RM1,1
2205,75,NW5,NW5,NW5,1
2206,75,N4,N4,N4,1
2207,75,N15,N15,N15,1
2208,75,E17,E17,E17,1
2209,76,SE11,SE11,SE11,1
2210,76,RM2,RM2,RM2,1
2211,76,RM1,RM1,RM1,1
2212,77,SE17,SE17,SE17,1
2213,78,N4,N4,N4,1
2214,78,N15,N15,N15,1
2215,78,E17,E17,E17,1
2216,79,N15,N15,N15,1
2217,79,E17,E17,E17,1
2218,80,N5,N5,N5,1
2219,80,N7,N7,N7,1
2220,80,E11,E11,E11,1
2221,81,N7,N7,N7,1
2222,81,E11,E11,E11,1
2223,82,CM15,CM15,CM15,1
2224,83,CM14,CM14,CM14,1
2225,83,RM3,RM3,RM3,1
2226,83,RM6,RM6,RM6,1
2227,83,CM13,CM13,CM13,1
2228,83,CM12,CM12,CM12,1
2229,83,CM4,CM4,CM4,1
2230,83,RM7,RM7,RM7,1
2231,83,IG2,IG2,IG2,1
2232,84,RM3,RM3,RM3,1
2233,84,RM6,RM6,RM6,1
2234,84,CM13,CM13,CM13,1
2235,84,CM12,CM12,CM12,1
2236,84,CM4,CM4,CM4,1
2237,84,RM7,RM7,RM7,1
2238,84,IG2,IG2,IG2,1
2239,85,RM2,RM2,RM2,1
2240,85,RM1,RM1,RM1,1
2241,86,RM1,RM1,RM1,1
2242,87,RM6,RM6,RM6,1
2243,87,CM13,CM13,CM13,1
2244,87,CM12,CM12,CM12,1
2245,87,CM4,CM4,CM4,1
2246,87,RM7,RM7,RM7,1
2247,87,IG2,IG2,IG2,1
2248,88,CM13,CM13,CM13,1
2249,88,CM12,CM12,CM12,1
2250,88,CM4,CM4,CM4,1
2251,88,RM7,RM7,RM7,1
2252,88,IG2,IG2,IG2,1
2253,89,CM12,CM12,CM12,1
2254,89,CM4,CM4,CM4,1
2255,89,RM7,RM7,RM7,1
2256,89,IG2,IG2,IG2,1
2257,90,CM4,CM4,CM4,1
2258,90,RM7,RM7,RM7,1
2259,90,IG2,IG2,IG2,1
2260,91,RM7,RM7,RM7,1
2261,91,IG2,IG2,IG2,1
2262,92,IG2,IG2,IG2,1
2263,93,IG4,IG4,IG4,1
2264,94,E11,E11,E11,1
2265,95,E17,E17,E17,1
2266,96,CM11,CM11,CM11,1
2267,97,TN15,TN15,TN15,1
2268,97,TN14,TN14,TN14,1
2269,98,TN14,TN14,TN14,1
2270,99,CM1,CM1,CM1,1
2271,99,CM3,CM3,CM3,1
2272,99,SW8,SW8,SW8,1
2273,99,RM18,RM18,RM18,1
2274,99,RM16,RM16,RM16,1
2275,99,RM14,RM14,RM14,1
2276,100,CM2,CM2,CM2,1
2277,101,CM3,CM3,CM3,1
2278,101,SW8,SW8,SW8,1
2279,101,RM18,RM18,RM18,1
2280,101,RM16,RM16,RM16,1
2281,101,RM14,RM14,RM14,1
2282,102,CM6,CM6,CM6,1
2283,103,E10,E10,E10,1
2284,103,E9,E9,E9,1
2285,103,SW13,SW13,SW13,1
2286,103,SW6,SW6,SW6,1
2287,103,SW10,SW10,SW10,1
2288,103,SW3,SW3,SW3,1
2289,103,SW11,SW11,SW11,1
2290,104,E9,E9,E9,1
2291,104,SW13,SW13,SW13,1
2292,104,SW6,SW6,SW6,1
2293,104,SW10,SW10,SW10,1
2294,104,SW3,SW3,SW3,1
2295,104,SW11,SW11,SW11,1
2296,105,SW13,SW13,SW13,1
2297,105,SW6,SW6,SW6,1
2298,105,SW10,SW10,SW10,1
2299,105,SW3,SW3,SW3,1
2300,105,SW11,SW11,SW11,1
2301,106,SW6,SW6,SW6,1
2302,106,SW10,SW10,SW10,1
2303,106,SW3,SW3,SW3,1
2304,106,SW11,SW11,SW11,1
2305,107,SW10,SW10,SW10,1
2306,107,SW3,SW3,SW3,1
2307,107,SW11,SW11,SW11,1
2308,108,SW3,SW3,SW3,1
2309,108,SW11,SW11,SW11,1
2310,109,SW11,SW11,SW11,1
2311,110,SW8,SW8,SW8,1
2312,110,RM18,RM18,RM18,1
2313,110,RM16,RM16,RM16,1
2314,110,RM14,RM14,RM14,1
2315,111,RM18,RM18,RM18,1
2316,111,RM16,RM16,RM16,1
2317,111,RM14,RM14,RM14,1
2318,112,RM16,RM16,RM16,1
2319,112,RM14,RM14,RM14,1
2320,113,RM14,RM14,RM14,1
2321,114,E1W,E1W,E1W,1
2322,114,CM5,CM5,CM5,1
2323,114,CM16,CM16,CM16,1
2324,114,RM4,RM4,RM4,1
2325,114,RM5,RM5,RM5,1
2326,114,RM8,RM8,RM8,1
2327,114,RM9,RM9,RM9,1
2328,114,RM10,RM10,RM10,1
2329,114,RM11,RM11,RM11,1
2330,114,RM12,RM12,RM12,1
2331,114,RM13,RM13,RM13,1
2332,114,RM17,RM17,RM17,1
2333,114,RM19,RM19,RM19,1
2334,114,RM20,RM20,RM20,1
2335,114,SS16,SS16,SS16,1
2336,114,SS17,SS17,SS17,1
2337,114,E19,E19,E19,1
2338,114,E20,E20,E20,1
2339,114,SW1,SW1,SW1,1
2340,114,IG1,IG1,IG1,1
2341,114,IG3,IG3,IG3,1
2342,114,IG5,IG5,IG5,1
2343,114,IG6,IG6,IG6,1
2344,114,IG11,IG11,IG11,1
2345,114,SE27,SE27,SE27,1
2346,114,SE28,SE28,SE28,1
2347,115,CM5,CM5,CM5,1
2348,115,CM16,CM16,CM16,1
2349,115,RM4,RM4,RM4,1
2350,115,RM5,RM5,RM5,1
2351,115,RM8,RM8,RM8,1
2352,115,RM9,RM9,RM9,1
2353,115,RM10,RM10,RM10,1
2354,115,RM11,RM11,RM11,1
2355,115,RM12,RM12,RM12,1
2356,115,RM13,RM13,RM13,1
2357,115,RM17,RM17,RM17,1
2358,115,RM19,RM19,RM19,1
2359,115,RM20,RM20,RM20,1
2360,115,SS16,SS16,SS16,1
2361,115,SS17,SS17,SS17,1
2362,115,E19,E19,E19,1
2363,115,E20,E20,E20,1
2364,115,SW1,SW1,SW1,1
2365,115,IG1,IG1,IG1,1
2366,115,IG3,IG3,IG3,1
2367,115,IG5,IG5,IG5,1
2368,115,IG6,IG6,IG6,1
2369,115,IG11,IG11,IG11,1
2370,115,SE27,SE27,SE27,1
2371,115,SE28,SE28,SE28,1
2372,116,CM16,CM16,CM16,1
2373,116,RM4,RM4,RM4,1
2374,116,RM5,RM5,RM5,1
2375,116,RM8,RM8,RM8,1
2376,116,RM9,RM9,RM9,1
2377,116,RM10,RM10,RM10,1
2378,116,RM11,RM11,RM11,1
2379,116,RM12,RM12,RM12,1
2380,116,RM13,RM13,RM13,1
2381,116,RM17,RM17,RM17,1
2382,116,RM19,RM19,RM19,1
2383,116,RM20,RM20,RM20,1
2384,116,SS16,SS16,SS16,1
2385,116,SS17,SS17,SS17,1
2386,116,E19,E19,E19,1
2387,116,E20,E20,E20,1
2388,116,SW1,SW1,SW1,1
2389,116,IG1,IG1,IG1,1
2390,116,IG3,IG3,IG3,1
2391,116,IG5,IG5,IG5,1
2392,116,IG6,IG6,IG6,1
2393,116,IG11,IG11,IG11,1
2394,116,SE27,SE27,SE27,1
2395,116,SE28,SE28,SE28,1
2396,117,RM4,RM4,RM4,1
2397,117,RM5,RM5,RM5,1
2398,117,RM8,RM8,RM8,1
2399,117,RM9,RM9,RM9,1
2400,117,RM10,RM10,RM10,1
2401,117,RM11,RM11,RM11,1
2402,117,RM12,RM12,RM12,1
2403,117,RM13,RM13,RM13,1
2404,117,RM17,RM17,RM17,1
2405,117,RM19,RM19,RM19,1
2406,117,RM20,RM20,RM20,1
2407,117,SS16,SS16,SS16,1
2408,117,SS17,SS17,SS17,1
2409,117,E19,E19,E19,1
2410,117,E20,E20,E20,1
2411,117,SW1,SW1,SW1,1
2412,117,IG1,IG1,IG1,1
2413,117,IG3,IG3,IG3,1
2414,117,IG5,IG5,IG5,1
2415,117,IG6,IG6,IG6,1
2416,117,IG11,IG11,IG11,1
2417,117,SE27,SE27,SE27,1
2418,117,SE28,SE28,SE28,1
2419,118,RM5,RM5,RM5,1
2420,118,RM8,RM8,RM8,1
2421,118,RM9,RM9,RM9,1
2422,118,RM10,RM10,RM10,1
2423,118,RM11,RM11,RM11,1
2424,118,RM12,RM12,RM12,1
2425,118,RM13,RM13,RM13,1
2426,118,RM17,RM17,RM17,1
2427,118,RM19,RM19,RM19,1
2428,118,RM20,RM20,RM20,1
2429,118,SS16,SS16,SS16,1
2430,118,SS17,SS17,SS17,1
2431,118,E19,E19,E19,1
2432,118,E20,E20,E20,1
2433,118,SW1,SW1,SW1,1
2434,118,IG1,IG1,IG1,1
2435,118,IG3,IG3,IG3,1
2436,118,IG5,IG5,IG5,1
2437,118,IG6,IG6,IG6,1
2438,118,IG11,IG11,IG11,1
2439,118,SE27,SE27,SE27,1
2440,118,SE28,SE28,SE28,1
2441,119,RM8,RM8,RM8,1
2442,119,RM9,RM9,RM9,1
2443,119,RM10,RM10,RM10,1
2444,119,RM11,RM11,RM11,1
2445,119,RM12,RM12,RM12,1
2446,119,RM13,RM13,RM13,1
2447,119,RM17,RM17,RM17,1
2448,119,RM19,RM19,RM19,1
2449,119,RM20,RM20,RM20,1
2450,119,SS16,SS16,SS16,1
2451,119,SS17,SS17,SS17,1
2452,119,E19,E19,E19,1
2453,119,E20,E20,E20,1
2454,119,SW1,SW1,SW1,1
2455,119,IG1,IG1,IG1,1
2456,119,IG3,IG3,IG3,1
2457,119,IG5,IG5,IG5,1
2458,119,IG6,IG6,IG6,1
2459,119,IG11,IG11,IG11,1
2460,119,SE27,SE27,SE27,1
2461,119,SE28,SE28,SE28,1
2462,120,RM9,RM9,RM9,1
2463,120,RM10,RM10,RM10,1
2464,120,RM11,RM11,RM11,1
2465,120,RM12,RM12,RM12,1
2466,120,RM13,RM13,RM13,1
2467,120,RM17,RM17,RM17,1
2468,120,RM19,RM19,RM19,1
2469,120,RM20,RM20,RM20,1
2470,120,SS16,SS16,SS16,1
2471,120,SS17,SS17,SS17,1
2472,120,E19,E19,E19,1
2473,120,E20,E20,E20,1
2474,120,SW1,SW1,SW1,1
2475,120,IG1,IG1,IG1,1
2476,120,IG3,IG3,IG3,1
2477,120,IG5,IG5,IG5,1
2478,120,IG6,IG6,IG6,1
2479,120,IG11,IG11,IG11,1
2480,120,SE27,SE27,SE27,1
2481,120,SE28,SE28,SE28,1
2482,121,RM10,RM10,RM10,1
2483,121,RM11,RM11,RM11,1
2484,121,RM12,RM12,RM12,1
2485,121,RM13,RM13,RM13,1
2486,121,RM17,RM17,RM17,1
2487,121,RM19,RM19,RM19,1
2488,121,RM20,RM20,RM20,1
2489,121,SS16,SS16,SS16,1
2490,121,SS17,SS17,SS17,1
2491,121,E19,E19,E19,1
2492,121,E20,E20,E20,1
2493,121,SW1,SW1,SW1,1
2494,121,IG1,IG1,IG1,1
2495,121,IG3,IG3,IG3,1
2496,121,IG5,IG5,IG5,1
2497,121,IG6,IG6,IG6,1
2498,121,IG11,IG11,IG11,1
2499,121,SE27,SE27,SE27,1
2500,121,SE28,SE28,SE28,1
2501,122,RM11,RM11,RM11,1
2502,122,RM12,RM12,RM12,1
2503,122,RM13,RM13,RM13,1
2504,122,RM17,RM17,RM17,1
2505,122,RM19,RM19,RM19,1
2506,122,RM20,RM20,RM20,1
2507,122,SS16,SS16,SS16,1
2508,122,SS17,SS17,SS17,1
2509,122,E19,E19,E19,1
2510,122,E20,E20,E20,1
2511,122,SW1,SW1,SW1,1
2512,122,IG1,IG1,IG1,1
2513,122,IG3,IG3,IG3,1
2514,122,IG5,IG5,IG5,1
2515,122,IG6,IG6,IG6,1
2516,122,IG11,IG11,IG11,1
2517,122,SE27,SE27,SE27,1
2518,122,SE28,SE28,SE28,1
2519,123,RM12,RM12,RM12,1
2520,123,RM13,RM13,RM13,1
2521,123,RM17,RM17,RM17,1
2522,123,RM19,RM19,RM19,1
2523,123,RM20,RM20,RM20,1
2524,123,SS16,SS16,SS16,1
2525,123,SS17,SS17,SS17,1
2526,123,E19,E19,E19,1
2527,123,E20,E20,E20,1
2528,123,SW1,SW1,SW1,1
2529,123,IG1,IG1,IG1,1
2530,123,IG3,IG3,IG3,1
2531,123,IG5,IG5,IG5,1
2532,123,IG6,IG6,IG6,1
2533,123,IG11,IG11,IG11,1
2534,123,SE27,SE27,SE27,1
2535,123,SE28,SE28,SE28,1
2536,124,RM13,RM13,RM13,1
2537,124,RM17,RM17,RM17,1
2538,124,RM19,RM19,RM19,1
2539,124,RM20,RM20,RM20,1
2540,124,SS16,SS16,SS16,1
2541,124,SS17,SS17,SS17,1
2542,124,E19,E19,E19,1
2543,124,E20,E20,E20,1
2544,124,SW1,SW1,SW1,1
2545,124,IG1,IG1,IG1,1
2546,124,IG3,IG3,IG3,1
2547,124,IG5,IG5,IG5,1
2548,124,IG6,IG6,IG6,1
2549,124,IG11,IG11,IG11,1
2550,124,SE27,SE27,SE27,1
2551,124,SE28,SE28,SE28,1
2552,125,RM15,RM15,RM15,1
2553,125,E3,E3,E3,1
2554,125,E4,E4,E4,1
2555,125,E5,E5,E5,1
2556,125,E6,E6,E6,1
2557,125,E7,E7,E7,1
2558,125,E8,E8,E8,1
2559,125,E12,E12,E12,1
2560,125,E13,E13,E13,1
2561,125,E14,E14,E14,1
2562,125,E15,E15,E15,1
2563,125,E16,E16,E16,1
2564,125,E18,E18,E18,1
2565,125,SE3,SE3,SE3,1
2566,125,SE4,SE4,SE4,1
2567,125,SE5,SE5,SE5,1
2568,125,SE13,SE13,SE13,1
2569,125,SE14,SE14,SE14,1
2570,125,SE15,SE15,SE15,1
2571,125,N6,N6,N6,1
2572,125,N8,N8,N8,1
2573,125,SW4,SW4,SW4,1
2574,125,SW5,SW5,SW5,1
2575,125,SW7,SW7,SW7,1
2576,125,SW9,SW9,SW9,1
2577,125,SW12,SW12,SW12,1
2578,125,SW14,SW14,SW14,1
2579,125,SW15,SW15,SW15,1
2580,125,SW16,SW16,SW16,1
2581,125,SW17,SW17,SW17,1
2582,125,SW18,SW18,SW18,1
2583,125,SW19,SW19,SW19,1
2584,125,N16,N16,N16,1
2585,125,W4,W4,W4,1
2586,125,W6,W6,W6,1
2587,125,W8,W8,W8,1
2588,125,W9,W9,W9,1
2589,125,W10,W10,W10,1
2590,125,W11,W11,W11,1
2591,125,W12,W12,W12,1
2592,125,SE7,SE7,SE7,1
2593,125,SE8,SE8,SE8,1
2594,125,SE21,SE21,SE21,1
2595,125,SE22,SE22,SE22,1
2596,125,SE24,SE24,SE24,1
2597,126,RM17,RM17,RM17,1
2598,126,RM19,RM19,RM19,1
2599,126,RM20,RM20,RM20,1
2600,126,SS16,SS16,SS16,1
2601,126,SS17,SS17,SS17,1
2602,126,E19,E19,E19,1
2603,126,E20,E20,E20,1
2604,126,SW1,SW1,SW1,1
2605,126,IG1,IG1,IG1,1
2606,126,IG3,IG3,IG3,1
2607,126,IG5,IG5,IG5,1
2608,126,IG6,IG6,IG6,1
2609,126,IG11,IG11,IG11,1
2610,126,SE27,SE27,SE27,1
2611,126,SE28,SE28,SE28,1
2612,127,RM19,RM19,RM19,1
2613,127,RM20,RM20,RM20,1
2614,127,SS16,SS16,SS16,1
2615,127,SS17,SS17,SS17,1
2616,127,E19,E19,E19,1
2617,127,E20,E20,E20,1
2618,127,SW1,SW1,SW1,1
2619,127,IG1,IG1,IG1,1
2620,127,IG3,IG3,IG3,1
2621,127,IG5,IG5,IG5,1
2622,127,IG6,IG6,IG6,1
2623,127,IG11,IG11,IG11,1
2624,127,SE27,SE27,SE27,1
2625,127,SE28,SE28,SE28,1
2626,128,RM20,RM20,RM20,1
2627,128,SS16,SS16,SS16,1
2628,128,SS17,SS17,SS17,1
2629,128,E19,E19,E19,1
2630,128,E20,E20,E20,1
2631,128,SW1,SW1,SW1,1
2632,128,IG1,IG1,IG1,1
2633,128,IG3,IG3,IG3,1
2634,128,IG5,IG5,IG5,1
2635,128,IG6,IG6,IG6,1
2636,128,IG11,IG11,IG11,1
2637,128,SE27,SE27,SE27,1
2638,128,SE28,SE28,SE28,1
2639,129,SS14,SS14,SS14,1
2640,129,SS15,SS15,SS15,1
2641,129,NW8,NW8,NW8,1
2642,130,SS15,SS15,SS15,1
2643,130,NW8,NW8,NW8,1
2644,131,SS16,SS16,SS16,1
2645,131,SS17,SS17,SS17,1
2646,131,E19,E19,E19,1
2647,131,E20,E20,E20,1
2648,131,SW1,SW1,SW1,1
2649,131,IG1,IG1,IG1,1
2650,131,IG3,IG3,IG3,1
2651,131,IG5,IG5,IG5,1
2652,131,IG6,IG6,IG6,1
2653,131,IG11,IG11,IG11,1
2654,131,SE27,SE27,SE27,1
2655,131,SE28,SE28,SE28,1
2656,132,SS17,SS17,SS17,1
2657,132,E19,E19,E19,1
2658,132,E20,E20,E20,1
2659,132,SW1,SW1,SW1,1
2660,132,IG1,IG1,IG1,1
2661,132,IG3,IG3,IG3,1
2662,132,IG5,IG5,IG5,1
2663,132,IG6,IG6,IG6,1
2664,132,IG11,IG11,IG11,1
2665,132,SE27,SE27,SE27,1
2666,132,SE28,SE28,SE28,1
2667,133,E3,E3,E3,1
2668,133,E4,E4,E4,1
2669,133,E5,E5,E5,1
2670,133,E6,E6,E6,1
2671,133,E7,E7,E7,1
2672,133,E8,E8,E8,1
2673,133,E12,E12,E12,1
2674,133,E13,E13,E13,1
2675,133,E14,E14,E14,1
2676,133,E15,E15,E15,1
2677,133,E16,E16,E16,1
2678,133,E18,E18,E18,1
2679,133,SE3,SE3,SE3,1
2680,133,SE4,SE4,SE4,1
2681,133,SE5,SE5,SE5,1
2682,133,SE13,SE13,SE13,1
2683,133,SE14,SE14,SE14,1
2684,133,SE15,SE15,SE15,1
2685,133,N6,N6,N6,1
2686,133,N8,N8,N8,1
2687,133,SW4,SW4,SW4,1
2688,133,SW5,SW5,SW5,1
2689,133,SW7,SW7,SW7,1
2690,133,SW9,SW9,SW9,1
2691,133,SW12,SW12,SW12,1
2692,133,SW14,SW14,SW14,1
2693,133,SW15,SW15,SW15,1
2694,133,SW16,SW16,SW16,1
2695,133,SW17,SW17,SW17,1
2696,133,SW18,SW18,SW18,1
2697,133,SW19,SW19,SW19,1
2698,133,N16,N16,N16,1
2699,133,W4,W4,W4,1
2700,133,W6,W6,W6,1
2701,133,W8,W8,W8,1
2702,133,W9,W9,W9,1
2703,133,W10,W10,W10,1
2704,133,W11,W11,W11,1
2705,133,W12,W12,W12,1
2706,133,SE7,SE7,SE7,1
2707,133,SE8,SE8,SE8,1
2708,133,SE21,SE21,SE21,1
2709,133,SE22,SE22,SE22,1
2710,133,SE24,SE24,SE24,1
2711,134,E4,E4,E4,1
2712,134,E5,E5,E5,1
2713,134,E6,E6,E6,1
2714,134,E7,E7,E7,1
2715,134,E8,E8,E8,1
2716,134,E12,E12,E12,1
2717,134,E13,E13,E13,1
2718,134,E14,E14,E14,1
2719,134,E15,E15,E15,1
2720,134,E16,E16,E16,1
2721,134,E18,E18,E18,1
2722,134,SE3,SE3,SE3,1
2723,134,SE4,SE4,SE4,1
2724,134,SE5,SE5,SE5,1
2725,134,SE13,SE13,SE13,1
2726,134,SE14,SE14,SE14,1
2727,134,SE15,SE15,SE15,1
2728,134,N6,N6,N6,1
2729,134,N8,N8,N8,1
2730,134,SW4,SW4,SW4,1
2731,134,SW5,SW5,SW5,1
2732,134,SW7,SW7,SW7,1
2733,134,SW9,SW9,SW9,1
2734,134,SW12,SW12,SW12,1
2735,134,SW14,SW14,SW14,1
2736,134,SW15,SW15,SW15,1
2737,134,SW16,SW16,SW16,1
2738,134,SW17,SW17,SW17,1
2739,134,SW18,SW18,SW18,1
2740,134,SW19,SW19,SW19,1
2741,134,N16,N16,N16,1
2742,134,W4,W4,W4,1
2743,134,W6,W6,W6,1
2744,134,W8,W8,W8,1
2745,134,W9,W9,W9,1
2746,134,W10,W10,W10,1
2747,134,W11,W11,W11,1
2748,134,W12,W12,W12,1
2749,134,SE7,SE7,SE7,1
2750,134,SE8,SE8,SE8,1
2751,134,SE21,SE21,SE21,1
2752,134,SE22,SE22,SE22,1
2753,134,SE24,SE24,SE24,1
2754,135,E5,E5,E5,1
2755,135,E6,E6,E6,1
2756,135,E7,E7,E7,1
2757,135,E8,E8,E8,1
2758,135,E12,E12,E12,1
2759,135,E13,E13,E13,1
2760,135,E14,E14,E14,1
2761,135,E15,E15,E15,1
2762,135,E16,E16,E16,1
2763,135,E18,E18,E18,1
2764,135,SE3,SE3,SE3,1
2765,135,SE4,SE4,SE4,1
2766,135,SE5,SE5,SE5,1
2767,135,SE13,SE13,SE13,1
2768,135,SE14,SE14,SE14,1
2769,135,SE15,SE15,SE15,1
2770,135,N6,N6,N6,1
2771,135,N8,N8,N8,1
2772,135,SW4,SW4,SW4,1
2773,135,SW5,SW5,SW5,1
2774,135,SW7,SW7,SW7,1
2775,135,SW9,SW9,SW9,1
2776,135,SW12,SW12,SW12,1
2777,135,SW14,SW14,SW14,1
2778,135,SW15,SW15,SW15,1
2779,135,SW16,SW16,SW16,1
2780,135,SW17,SW17,SW17,1
2781,135,SW18,SW18,SW18,1
2782,135,SW19,SW19,SW19,1
2783,135,N16,N16,N16,1
2784,135,W4,W4,W4,1
2785,135,W6,W6,W6,1
2786,135,W8,W8,W8,1
2787,135,W9,W9,W9,1
2788,135,W10,W10,W10,1
2789,135,W11,W11,W11,1
2790,135,W12,W12,W12,1
2791,135,SE7,SE7,SE7,1
2792,135,SE8,SE8,SE8,1
2793,135,SE21,SE21,SE21,1
2794,135,SE22,SE22,SE22,1
2795,135,SE24,SE24,SE24,1
2796,136,E6,E6,E6,1
2797,136,E7,E7,E7,1
2798,136,E8,E8,E8,1
2799,136,E12,E12,E12,1
2800,136,E13,E13,E13,1
2801,136,E14,E14,E14,1
2802,136,E15,E15,E15,1
2803,136,E16,E16,E16,1
2804,136,E18,E18,E18,1
2805,136,SE3,SE3,SE3,1
2806,136,SE4,SE4,SE4,1
2807,136,SE5,SE5,SE5,1
2808,136,SE13,SE13,SE13,1
2809,136,SE14,SE14,SE14,1
2810,136,SE15,SE15,SE15,1
2811,136,N6,N6,N6,1
2812,136,N8,N8,N8,1
2813,136,SW4,SW4,SW4,1
2814,136,SW5,SW5,SW5,1
2815,136,SW7,SW7,SW7,1
2816,136,SW9,SW9,SW9,1
2817,136,SW12,SW12,SW12,1
2818,136,SW14,SW14,SW14,1
2819,136,SW15,SW15,SW15,1
2820,136,SW16,SW16,SW16,1
2821,136,SW17,SW17,SW17,1
2822,136,SW18,SW18,SW18,1
2823,136,SW19,SW19,SW19,1
2824,136,N16,N16,N16,1
2825,136,W4,W4,W4,1
2826,136,W6,W6,W6,1
2827,136,W8,W8,W8,1
2828,136,W9,W9,W9,1
2829,136,W10,W10,W10,1
2830,136,W11,W11,W11,1
2831,136,W12,W12,W12,1
2832,136,SE7,SE7,SE7,1
2833,136,SE8,SE8,SE8,1
2834,136,SE21,SE21,SE21,1
2835,136,SE22,SE22,SE22,1
2836,136,SE24,SE24,SE24,1
2837,137,E7,E7,E7,1
2838,137,E8,E8,E8,1
2839,137,E12,E12,E12,1
2840,137,E13,E13,E13,1
2841,137,E14,E14,E14,1
2842,137,E15,E15,E15,1
2843,137,E16,E16,E16,1
2844,137,E18,E18,E18,1
2845,137,SE3,SE3,SE3,1
2846,137,SE4,SE4,SE4,1
2847,137,SE5,SE5,SE5,1
2848,137,SE13,SE13,SE13,1
2849,137,SE14,SE14,SE14,1
2850,137,SE15,SE15,SE15,1
2851,137,N6,N6,N6,1
2852,137,N8,N8,N8,1
2853,137,SW4,SW4,SW4,1
2854,137,SW5,SW5,SW5,1
2855,137,SW7,SW7,SW7,1
2856,137,SW9,SW9,SW9,1
2857,137,SW12,SW12,SW12,1
2858,137,SW14,SW14,SW14,1
2859,137,SW15,SW15,SW15,1
2860,137,SW16,SW16,SW16,1
2861,137,SW17,SW17,SW17,1
2862,137,SW18,SW18,SW18,1
2863,137,SW19,SW19,SW19,1
2864,137,N16,N16,N16,1
2865,137,W4,W4,W4,1
2866,137,W6,W6,W6,1
2867,137,W8,W8,W8,1
2868,137,W9,W9,W9,1
2869,137,W10,W10,W10,1
2870,137,W11,W11,W11,1
2871,137,W12,W12,W12,1
2872,137,SE7,SE7,SE7,1
2873,137,SE8,SE8,SE8,1
2874,137,SE21,SE21,SE21,1
2875,137,SE22,SE22,SE22,1
2876,137,SE24,SE24,SE24,1
2877,138,E8,E8,E8,1
2878,138,E12,E12,E12,1
2879,138,E13,E13,E13,1
2880,138,E14,E14,E14,1
2881,138,E15,E15,E15,1
2882,138,E16,E16,E16,1
2883,138,E18,E18,E18,1
2884,138,SE3,SE3,SE3,1
2885,138,SE4,SE4,SE4,1
2886,138,SE5,SE5,SE5,1
2887,138,SE13,SE13,SE13,1
2888,138,SE14,SE14,SE14,1
2889,138,SE15,SE15,SE15,1
2890,138,N6,N6,N6,1
2891,138,N8,N8,N8,1
2892,138,SW4,SW4,SW4,1
2893,138,SW5,SW5,SW5,1
2894,138,SW7,SW7,SW7,1
2895,138,SW9,SW9,SW9,1
2896,138,SW12,SW12,SW12,1
2897,138,SW14,SW14,SW14,1
2898,138,SW15,SW15,SW15,1
2899,138,SW16,SW16,SW16,1
2900,138,SW17,SW17,SW17,1
2901,138,SW18,SW18,SW18,1
2902,138,SW19,SW19,SW19,1
2903,138,N16,N16,N16,1
2904,138,W4,W4,W4,1
2905,138,W6,W6,W6,1
2906,138,W8,W8,W8,1
2907,138,W9,W9,W9,1
2908,138,W10,W10,W10,1
2909,138,W11,W11,W11,1
2910,138,W12,W12,W12,1
2911,138,SE7,SE7,SE7,1
2912,138,SE8,SE8,SE8,1
2913,138,SE21,SE21,SE21,1
2914,138,SE22,SE22,SE22,1
2915,138,SE24,SE24,SE24,1
2916,139,E12,E12,E12,1
2917,139,E13,E13,E13,1
2918,139,E14,E14,E14,1
2919,139,E15,E15,E15,1
2920,139,E16,E16,E16,1
2921,139,E18,E18,E18,1
2922,139,SE3,SE3,SE3,1
2923,139,SE4,SE4,SE4,1
2924,139,SE5,SE5,SE5,1
2925,139,SE13,SE13,SE13,1
2926,139,SE14,SE14,SE14,1
2927,139,SE15,SE15,SE15,1
2928,139,N6,N6,N6,1
2929,139,N8,N8,N8,1
2930,139,SW4,SW4,SW4,1
2931,139,SW5,SW5,SW5,1
2932,139,SW7,SW7,SW7,1
2933,139,SW9,SW9,SW9,1
2934,139,SW12,SW12,SW12,1
2935,139,SW14,SW14,SW14,1
2936,139,SW15,SW15,SW15,1
2937,139,SW16,SW16,SW16,1
2938,139,SW17,SW17,SW17,1
2939,139,SW18,SW18,SW18,1
2940,139,SW19,SW19,SW19,1
2941,139,N16,N16,N16,1
2942,139,W4,W4,W4,1
2943,139,W6,W6,W6,1
2944,139,W8,W8,W8,1
2945,139,W9,W9,W9,1
2946,139,W10,W10,W10,1
2947,139,W11,W11,W11,1
2948,139,W12,W12,W12,1
2949,139,SE7,SE7,SE7,1
2950,139,SE8,SE8,SE8,1
2951,139,SE21,SE21,SE21,1
2952,139,SE22,SE22,SE22,1
2953,139,SE24,SE24,SE24,1
2954,140,E13,E13,E13,1
2955,140,E14,E14,E14,1
2956,140,E15,E15,E15,1
2957,140,E16,E16,E16,1
2958,140,E18,E18,E18,1
2959,140,SE3,SE3,SE3,1
2960,140,SE4,SE4,SE4,1
2961,140,SE5,SE5,SE5,1
2962,140,SE13,SE13,SE13,1
2963,140,SE14,SE14,SE14,1
2964,140,SE15,SE15,SE15,1
2965,140,N6,N6,N6,1
2966,140,N8,N8,N8,1
2967,140,SW4,SW4,SW4,1
2968,140,SW5,SW5,SW5,1
2969,140,SW7,SW7,SW7,1
2970,140,SW9,SW9,SW9,1
2971,140,SW12,SW12,SW12,1
2972,140,SW14,SW14,SW14,1
2973,140,SW15,SW15,SW15,1
2974,140,SW16,SW16,SW16,1
2975,140,SW17,SW17,SW17,1
2976,140,SW18,SW18,SW18,1
2977,140,SW19,SW19,SW19,1
2978,140,N16,N16,N16,1
2979,140,W4,W4,W4,1
2980,140,W6,W6,W6,1
2981,140,W8,W8,W8,1
2982,140,W9,W9,W9,1
2983,140,W10,W10,W10,1
2984,140,W11,W11,W11,1
2985,140,W12,W12,W12,1
2986,140,SE7,SE7,SE7,1
2987,140,SE8,SE8,SE8,1
2988,140,SE21,SE21,SE21,1
2989,140,SE22,SE22,SE22,1
2990,140,SE24,SE24,SE24,1
2991,141,E14,E14,E14,1
2992,141,E15,E15,E15,1
2993,141,E16,E16,E16,1
2994,141,E18,E18,E18,1
2995,141,SE3,SE3,SE3,1
2996,141,SE4,SE4,SE4,1
2997,141,SE5,SE5,SE5,1
2998,141,SE13,SE13,SE13,1
2999,141,SE14,SE14,SE14,1
3000,141,SE15,SE15,SE15,1
3001,141,N6,N6,N6,1
3002,141,N8,N8,N8,1
3003,141,SW4,SW4,SW4,1
3004,141,SW5,SW5,SW5,1
3005,141,SW7,SW7,SW7,1
3006,141,SW9,SW9,SW9,1
3007,141,SW12,SW12,SW12,1
3008,141,SW14,SW14,SW14,1
3009,141,SW15,SW15,SW15,1
3010,141,SW16,SW16,SW16,1
3011,141,SW17,SW17,SW17,1
3012,141,SW18,SW18,SW18,1
3013,141,SW19,SW19,SW19,1
3014,141,N16,N16,N16,1
3015,141,W4,W4,W4,1
3016,141,W6,W6,W6,1
3017,141,W8,W8,W8,1
3018,141,W9,W9,W9,1
3019,141,W10,W10,W10,1
3020,141,W11,W11,W11,1
3021,141,W12,W12,W12,1
3022,141,SE7,SE7,SE7,1
3023,141,SE8,SE8,SE8,1
3024,141,SE21,SE21,SE21,1
3025,141,SE22,SE22,SE22,1
3026,141,SE24,SE24,SE24,1
3027,142,E15,E15,E15,1
3028,142,E16,E16,E16,1
3029,142,E18,E18,E18,1
3030,142,SE3,SE3,SE3,1
3031,142,SE4,SE4,SE4,1
3032,142,SE5,SE5,SE5,1
3033,142,SE13,SE13,SE13,1
3034,142,SE14,SE14,SE14,1
3035,142,SE15,SE15,SE15,1
3036,142,N6,N6,N6,1
3037,142,N8,N8,N8,1
3038,142,SW4,SW4,SW4,1
3039,142,SW5,SW5,SW5,1
3040,142,SW7,SW7,SW7,1
3041,142,SW9,SW9,SW9,1
3042,142,SW12,SW12,SW12,1
3043,142,SW14,SW14,SW14,1
3044,142,SW15,SW15,SW15,1
3045,142,SW16,SW16,SW16,1
3046,142,SW17,SW17,SW17,1
3047,142,SW18,SW18,SW18,1
3048,142,SW19,SW19,SW19,1
3049,142,N16,N16,N16,1
3050,142,W4,W4,W4,1
3051,142,W6,W6,W6,1
3052,142,W8,W8,W8,1
3053,142,W9,W9,W9,1
3054,142,W10,W10,W10,1
3055,142,W11,W11,W11,1
3056,142,W12,W12,W12,1
3057,142,SE7,SE7,SE7,1
3058,142,SE8,SE8,SE8,1
3059,142,SE21,SE21,SE21,1
3060,142,SE22,SE22,SE22,1
3061,142,SE24,SE24,SE24,1
3062,143,E16,E16,E16,1
3063,143,E18,E18,E18,1
3064,143,SE3,SE3,SE3,1
3065,143,SE4,SE4,SE4,1
3066,143,SE5,SE5,SE5,1
3067,143,SE13,SE13,SE13,1
3068,143,SE14,SE14,SE14,1
3069,143,SE15,SE15,SE15,1
3070,143,N6,N6,N6,1
3071,143,N8,N8,N8,1
3072,143,SW4,SW4,SW4,1
3073,143,SW5,SW5,SW5,1
3074,143,SW7,SW7,SW7,1
3075,143,SW9,SW9,SW9,1
3076,143,SW12,SW12,SW12,1
3077,143,SW14,SW14,SW14,1
3078,143,SW15,SW15,SW15,1
3079,143,SW16,SW16,SW16,1
3080,143,SW17,SW17,SW17,1
3081,143,SW18,SW18,SW18,1
3082,143,SW19,SW19,SW19,1
3083,143,N16,N16,N16,1
3084,143,W4,W4,W4,1
3085,143,W6,W6,W6,1
3086,143,W8,W8,W8,1
3087,143,W9,W9,W9,1
3088,143,W10,W10,W10,1
3089,143,W11,W11,W11,1
3090,143,W12,W12,W12,1
3091,143,SE7,SE7,SE7,1
3092,143,SE8,SE8,SE8,1
3093,143,SE21,SE21,SE21,1
3094,143,SE22,SE22,SE22,1
3095,143,SE24,SE24,SE24,1
3096,144,E18,E18,E18,1
3097,144,SE3,SE3,SE3,1
3098,144,SE4,SE4,SE4,1
3099,144,SE5,SE5,SE5,1
3100,144,SE13,SE13,SE13,1
3101,144,SE14,SE14,SE14,1
3102,144,SE15,SE15,SE15,1
3103,144,N6,N6,N6,1
3104,144,N8,N8,N8,1
3105,144,SW4,SW4,SW4,1
3106,144,SW5,SW5,SW5,1
3107,144,SW7,SW7,SW7,1
3108,144,SW9,SW9,SW9,1
3109,144,SW12,SW12,SW12,1
3110,144,SW14,SW14,SW14,1
3111,144,SW15,SW15,SW15,1
3112,144,SW16,SW16,SW16,1
3113,144,SW17,SW17,SW17,1
3114,144,SW18,SW18,SW18,1
3115,144,SW19,SW19,SW19,1
3116,144,N16,N16,N16,1
3117,144,W4,W4,W4,1
3118,144,W6,W6,W6,1
3119,144,W8,W8,W8,1
3120,144,W9,W9,W9,1
3121,144,W10,W10,W10,1
3122,144,W11,W11,W11,1
3123,144,W12,W12,W12,1
3124,144,SE7,SE7,SE7,1
3125,144,SE8,SE8,SE8,1
3126,144,SE21,SE21,SE21,1
3127,144,SE22,SE22,SE22,1
3128,144,SE24,SE24,SE24,1
3129,145,E19,E19,E19,1
3130,145,E20,E20,E20,1
3131,145,SW1,SW1,SW1,1
3132,145,IG1,IG1,IG1,1
3133,145,IG3,IG3,IG3,1
3134,145,IG5,IG5,IG5,1
3135,145,IG6,IG6,IG6,1
3136,145,IG11,IG11,IG11,1
3137,145,SE27,SE27,SE27,1
3138,145,SE28,SE28,SE28,1
3139,146,E20,E20,E20,1
3140,146,SW1,SW1,SW1,1
3141,146,IG1,IG1,IG1,1
3142,146,IG3,IG3,IG3,1
3143,146,IG5,IG5,IG5,1
3144,146,IG6,IG6,IG6,1
3145,146,IG11,IG11,IG11,1
3146,146,SE27,SE27,SE27,1
3147,146,SE28,SE28,SE28,1
3148,147,SE3,SE3,SE3,1
3149,147,SE4,SE4,SE4,1
3150,147,SE5,SE5,SE5,1
3151,147,SE13,SE13,SE13,1
3152,147,SE14,SE14,SE14,1
3153,147,SE15,SE15,SE15,1
3154,147,N6,N6,N6,1
3155,147,N8,N8,N8,1
3156,147,SW4,SW4,SW4,1
3157,147,SW5,SW5,SW5,1
3158,147,SW7,SW7,SW7,1
3159,147,SW9,SW9,SW9,1
3160,147,SW12,SW12,SW12,1
3161,147,SW14,SW14,SW14,1
3162,147,SW15,SW15,SW15,1
3163,147,SW16,SW16,SW16,1
3164,147,SW17,SW17,SW17,1
3165,147,SW18,SW18,SW18,1
3166,147,SW19,SW19,SW19,1
3167,147,N16,N16,N16,1
3168,147,W4,W4,W4,1
3169,147,W6,W6,W6,1
3170,147,W8,W8,W8,1
3171,147,W9,W9,W9,1
3172,147,W10,W10,W10,1
3173,147,W11,W11,W11,1
3174,147,W12,W12,W12,1
3175,147,SE7,SE7,SE7,1
3176,147,SE8,SE8,SE8,1
3177,147,SE21,SE21,SE21,1
3178,147,SE22,SE22,SE22,1
3179,147,SE24,SE24,SE24,1
3180,148,SE4,SE4,SE4,1
3181,148,SE5,SE5,SE5,1
3182,148,SE13,SE13,SE13,1
3183,148,SE14,SE14,SE14,1
3184,148,SE15,SE15,SE15,1
3185,148,N6,N6,N6,1
3186,148,N8,N8,N8,1
3187,148,SW4,SW4,SW4,1
3188,148,SW5,SW5,SW5,1
3189,148,SW7,SW7,SW7,1
3190,148,SW9,SW9,SW9,1
3191,148,SW12,SW12,SW12,1
3192,148,SW14,SW14,SW14,1
3193,148,SW15,SW15,SW15,1
3194,148,SW16,SW16,SW16,1
3195,148,SW17,SW17,SW17,1
3196,148,SW18,SW18,SW18,1
3197,148,SW19,SW19,SW19,1
3198,148,N16,N16,N16,1
3199,148,W4,W4,W4,1
3200,148,W6,W6,W6,1
3201,148,W8,W8,W8,1
3202,148,W9,W9,W9,1
3203,148,W10,W10,W10,1
3204,148,W11,W11,W11,1
3205,148,W12,W12,W12,1
3206,148,SE7,SE7,SE7,1
3207,148,SE8,SE8,SE8,1
3208,148,SE21,SE21,SE21,1
3209,148,SE22,SE22,SE22,1
3210,148,SE24,SE24,SE24,1
3211,149,SE5,SE5,SE5,1
3212,149,SE13,SE13,SE13,1
3213,149,SE14,SE14,SE14,1
3214,149,SE15,SE15,SE15,1
3215,149,N6,N6,N6,1
3216,149,N8,N8,N8,1
3217,149,SW4,SW4,SW4,1
3218,149,SW5,SW5,SW5,1
3219,149,SW7,SW7,SW7,1
3220,149,SW9,SW9,SW9,1
3221,149,SW12,SW12,SW12,1
3222,149,SW14,SW14,SW14,1
3223,149,SW15,SW15,SW15,1
3224,149,SW16,SW16,SW16,1
3225,149,SW17,SW17,SW17,1
3226,149,SW18,SW18,SW18,1
3227,149,SW19,SW19,SW19,1
3228,149,N16,N16,N16,1
3229,149,W4,W4,W4,1
3230,149,W6,W6,W6,1
3231,149,W8,W8,W8,1
3232,149,W9,W9,W9,1
3233,149,W10,W10,W10,1
3234,149,W11,W11,W11,1
3235,149,W12,W12,W12,1
3236,149,SE7,SE7,SE7,1
3237,149,SE8,SE8,SE8,1
3238,149,SE21,SE21,SE21,1
3239,149,SE22,SE22,SE22,1
3240,149,SE24,SE24,SE24,1
3241,150,SE13,SE13,SE13,1
3242,150,SE14,SE14,SE14,1
3243,150,SE15,SE15,SE15,1
3244,150,N6,N6,N6,1
3245,150,N8,N8,N8,1
3246,150,SW4,SW4,SW4,1
3247,150,SW5,SW5,SW5,1
3248,150,SW7,SW7,SW7,1
3249,150,SW9,SW9,SW9,1
3250,150,SW12,SW12,SW12,1
3251,150,SW14,SW14,SW14,1
3252,150,SW15,SW15,SW15,1
3253,150,SW16,SW16,SW16,1
3254,150,SW17,SW17,SW17,1
3255,150,SW18,SW18,SW18,1
3256,150,SW19,SW19,SW19,1
3257,150,N16,N16,N16,1
3258,150,W4,W4,W4,1
3259,150,W6,W6,W6,1
3260,150,W8,W8,W8,1
3261,150,W9,W9,W9,1
3262,150,W10,W10,W10,1
3263,150,W11,W11,W11,1
3264,150,W12,W12,W12,1
3265,150,SE7,SE7,SE7,1
3266,150,SE8,SE8,SE8,1
3267,150,SE21,SE21,SE21,1
3268,150,SE22,SE22,SE22,1
3269,150,SE24,SE24,SE24,1
3270,151,SE14,SE14,SE14,1
3271,151,SE15,SE15,SE15,1
3272,151,N6,N6,N6,1
3273,151,N8,N8,N8,1
3274,151,SW4,SW4,SW4,1
3275,151,SW5,SW5,SW5,1
3276,151,SW7,SW7,SW7,1
3277,151,SW9,SW9,SW9,1
3278,151,SW12,SW12,SW12,1
3279,151,SW14,SW14,SW14,1
3280,151,SW15,SW15,SW15,1
3281,151,SW16,SW16,SW16,1
3282,151,SW17,SW17,SW17,1
3283,151,SW18,SW18,SW18,1
3284,151,SW19,SW19,SW19,1
3285,151,N16,N16,N16,1
3286,151,W4,W4,W4,1
3287,151,W6,W6,W6,1
3288,151,W8,W8,W8,1
3289,151,W9,W9,W9,1
3290,151,W10,W10,W10,1
3291,151,W11,W11,W11,1
3292,151,W12,W12,W12,1
3293,151,SE7,SE7,SE7,1
3294,151,SE8,SE8,SE8,1
3295,151,SE21,SE21,SE21,1
3296,151,SE22,SE22,SE22,1
3297,151,SE24,SE24,SE24,1
3298,152,SE15,SE15,SE15,1
3299,152,N6,N6,N6,1
3300,152,N8,N8,N8,1
3301,152,SW4,SW4,SW4,1
3302,152,SW5,SW5,SW5,1
3303,152,SW7,SW7,SW7,1
3304,152,SW9,SW9,SW9,1
3305,152,SW12,SW12,SW12,1
3306,152,SW14,SW14,SW14,1
3307,152,SW15,SW15,SW15,1
3308,152,SW16,SW16,SW16,1
3309,152,SW17,SW17,SW17,1
3310,152,SW18,SW18,SW18,1
3311,152,SW19,SW19,SW19,1
3312,152,N16,N16,N16,1
3313,152,W4,W4,W4,1
3314,152,W6,W6,W6,1
3315,152,W8,W8,W8,1
3316,152,W9,W9,W9,1
3317,152,W10,W10,W10,1
3318,152,W11,W11,W11,1
3319,152,W12,W12,W12,1
3320,152,SE7,SE7,SE7,1
3321,152,SE8,SE8,SE8,1
3322,152,SE21,SE21,SE21,1
3323,152,SE22,SE22,SE22,1
3324,152,SE24,SE24,SE24,1
3325,153,N6,N6,N6,1
3326,153,N8,N8,N8,1
3327,153,SW4,SW4,SW4,1
3328,153,SW5,SW5,SW5,1
3329,153,SW7,SW7,SW7,1
3330,153,SW9,SW9,SW9,1
3331,153,SW12,SW12,SW12,1
3332,153,SW14,SW14,SW14,1
3333,153,SW15,SW15,SW15,1
3334,153,SW16,SW16,SW16,1
3335,153,SW17,SW17,SW17,1
3336,153,SW18,SW18,SW18,1
3337,153,SW19,SW19,SW19,1
3338,153,N16,N16,N16,1
3339,153,W4,W4,W4,1
3340,153,W6,W6,W6,1
3341,153,W8,W8,W8,1
3342,153,W9,W9,W9,1
3343,153,W10,W10,W10,1
3344,153,W11,W11,W11,1
3345,153,W12,W12,W12,1
3346,153,SE7,SE7,SE7,1
3347,153,SE8,SE8,SE8,1
3348,153,SE21,SE21,SE21,1
3349,153,SE22,SE22,SE22,1
3350,153,SE24,SE24,SE24,1
3351,154,N8,N8,N8,1
3352,154,SW4,SW4,SW4,1
3353,154,SW5,SW5,SW5,1
3354,154,SW7,SW7,SW7,1
3355,154,SW9,SW9,SW9,1
3356,154,SW12,SW12,SW12,1
3357,154,SW14,SW14,SW14,1
3358,154,SW15,SW15,SW15,1
3359,154,SW16,SW16,SW16,1
3360,154,SW17,SW17,SW17,1
3361,154,SW18,SW18,SW18,1
3362,154,SW19,SW19,SW19,1
3363,154,N16,N16,N16,1
3364,154,W4,W4,W4,1
3365,154,W6,W6,W6,1
3366,154,W8,W8,W8,1
3367,154,W9,W9,W9,1
3368,154,W10,W10,W10,1
3369,154,W11,W11,W11,1
3370,154,W12,W12,W12,1
3371,154,SE7,SE7,SE7,1
3372,154,SE8,SE8,SE8,1
3373,154,SE21,SE21,SE21,1
3374,154,SE22,SE22,SE22,1
3375,154,SE24,SE24,SE24,1
3376,155,SW4,SW4,SW4,1
3377,155,SW5,SW5,SW5,1
3378,155,SW7,SW7,SW7,1
3379,155,SW9,SW9,SW9,1
3380,155,SW12,SW12,SW12,1
3381,155,SW14,SW14,SW14,1
3382,155,SW15,SW15,SW15,1
3383,155,SW16,SW16,SW16,1
3384,155,SW17,SW17,SW17,1
3385,155,SW18,SW18,SW18,1
3386,155,SW19,SW19,SW19,1
3387,155,N16,N16,N16,1
3388,155,W4,W4,W4,1
3389,155,W6,W6,W6,1
3390,155,W8,W8,W8,1
3391,155,W9,W9,W9,1
3392,155,W10,W10,W10,1
3393,155,W11,W11,W11,1
3394,155,W12,W12,W12,1
3395,155,SE7,SE7,SE7,1
3396,155,SE8,SE8,SE8,1
3397,155,SE21,SE21,SE21,1
3398,155,SE22,SE22,SE22,1
3399,155,SE24,SE24,SE24,1
3400,156,SW5,SW5,SW5,1
3401,156,SW7,SW7,SW7,1
3402,156,SW9,SW9,SW9,1
3403,156,SW12,SW12,SW12,1
3404,156,SW14,SW14,SW14,1
3405,156,SW15,SW15,SW15,1
3406,156,SW16,SW16,SW16,1
3407,156,SW17,SW17,SW17,1
3408,156,SW18,SW18,SW18,1
3409,156,SW19,SW19,SW19,1
3410,156,N16,N16,N16,1
3411,156,W4,W4,W4,1
3412,156,W6,W6,W6,1
3413,156,W8,W8,W8,1
3414,156,W9,W9,W9,1
3415,156,W10,W10,W10,1
3416,156,W11,W11,W11,1
3417,156,W12,W12,W12,1
3418,156,SE7,SE7,SE7,1
3419,156,SE8,SE8,SE8,1
3420,156,SE21,SE21,SE21,1
3421,156,SE22,SE22,SE22,1
3422,156,SE24,SE24,SE24,1
3423,157,SW7,SW7,SW7,1
3424,157,SW9,SW9,SW9,1
3425,157,SW12,SW12,SW12,1
3426,157,SW14,SW14,SW14,1
3427,157,SW15,SW15,SW15,1
3428,157,SW16,SW16,SW16,1
3429,157,SW17,SW17,SW17,1
3430,157,SW18,SW18,SW18,1
3431,157,SW19,SW19,SW19,1
3432,157,N16,N16,N16,1
3433,157,W4,W4,W4,1
3434,157,W6,W6,W6,1
3435,157,W8,W8,W8,1
3436,157,W9,W9,W9,1
3437,157,W10,W10,W10,1
3438,157,W11,W11,W11,1
3439,157,W12,W12,W12,1
3440,157,SE7,SE7,SE7,1
3441,157,SE8,SE8,SE8,1
3442,157,SE21,SE21,SE21,1
3443,157,SE22,SE22,SE22,1
3444,157,SE24,SE24,SE24,1
3445,158,SW9,SW9,SW9,1
3446,158,SW12,SW12,SW12,1
3447,158,SW14,SW14,SW14,1
3448,158,SW15,SW15,SW15,1
3449,158,SW16,SW16,SW16,1
3450,158,SW17,SW17,SW17,1
3451,158,SW18,SW18,SW18,1
3452,158,SW19,SW19,SW19,1
3453,158,N16,N16,N16,1
3454,158,W4,W4,W4,1
3455,158,W6,W6,W6,1
3456,158,W8,W8,W8,1
3457,158,W9,W9,W9,1
3458,158,W10,W10,W10,1
3459,158,W11,W11,W11,1
3460,158,W12,W12,W12,1
3461,158,SE7,SE7,SE7,1
3462,158,SE8,SE8,SE8,1
3463,158,SE21,SE21,SE21,1
3464,158,SE22,SE22,SE22,1
3465,158,SE24,SE24,SE24,1
3466,159,SW12,SW12,SW12,1
3467,159,SW14,SW14,SW14,1
3468,159,SW15,SW15,SW15,1
3469,159,SW16,SW16,SW16,1
3470,159,SW17,SW17,SW17,1
3471,159,SW18,SW18,SW18,1
3472,159,SW19,SW19,SW19,1
3473,159,N16,N16,N16,1
3474,159,W4,W4,W4,1
3475,159,W6,W6,W6,1
3476,159,W8,W8,W8,1
3477,159,W9,W9,W9,1
3478,159,W10,W10,W10,1
3479,159,W11,W11,W11,1
3480,159,W12,W12,W12,1
3481,159,SE7,SE7,SE7,1
3482,159,SE8,SE8,SE8,1
3483,159,SE21,SE21,SE21,1
3484,159,SE22,SE22,SE22,1
3485,159,SE24,SE24,SE24,1
3486,160,SW14,SW14,SW14,1
3487,160,SW15,SW15,SW15,1
3488,160,SW16,SW16,SW16,1
3489,160,SW17,SW17,SW17,1
3490,160,SW18,SW18,SW18,1
3491,160,SW19,SW19,SW19,1
3492,160,N16,N16,N16,1
3493,160,W4,W4,W4,1
3494,160,W6,W6,W6,1
3495,160,W8,W8,W8,1
3496,160,W9,W9,W9,1
3497,160,W10,W10,W10,1
3498,160,W11,W11,W11,1
3499,160,W12,W12,W12,1
3500,160,SE7,SE7,SE7,1
3501,160,SE8,SE8,SE8,1
3502,160,SE21,SE21,SE21,1
3503,160,SE22,SE22,SE22,1
3504,160,SE24,SE24,SE24,1
3505,161,SW15,SW15,SW15,1
3506,161,SW16,SW16,SW16,1
3507,161,SW17,SW17,SW17,1
3508,161,SW18,SW18,SW18,1
3509,161,SW19,SW19,SW19,1
3510,161,N16,N16,N16,1
3511,161,W4,W4,W4,1
3512,161,W6,W6,W6,1
3513,161,W8,W8,W8,1
3514,161,W9,W9,W9,1
3515,161,W10,W10,W10,1
3516,161,W11,W11,W11,1
3517,161,W12,W12,W12,1
3518,161,SE7,SE7,SE7,1
3519,161,SE8,SE8,SE8,1
3520,161,SE21,SE21,SE21,1
3521,161,SE22,SE22,SE22,1
3522,161,SE24,SE24,SE24,1
3523,162,SW16,SW16,SW16,1
3524,162,SW17,SW17,SW17,1
3525,162,SW18,SW18,SW18,1
3526,162,SW19,SW19,SW19,1
3527,162,N16,N16,N16,1
3528,162,W4,W4,W4,1
3529,162,W6,W6,W6,1
3530,162,W8,W8,W8,1
3531,162,W9,W9,W9,1
3532,162,W10,W10,W10,1
3533,162,W11,W11,W11,1
3534,162,W12,W12,W12,1
3535,162,SE7,SE7,SE7,1
3536,162,SE8,SE8,SE8,1
3537,162,SE21,SE21,SE21,1
3538,162,SE22,SE22,SE22,1
3539,162,SE24,SE24,SE24,1
3540,163,SW17,SW17,SW17,1
3541,163,SW18,SW18,SW18,1
3542,163,SW19,SW19,SW19,1
3543,163,N16,N16,N16,1
3544,163,W4,W4,W4,1
3545,163,W6,W6,W6,1
3546,163,W8,W8,W8,1
3547,163,W9,W9,W9,1
3548,163,W10,W10,W10,1
3549,163,W11,W11,W11,1
3550,163,W12,W12,W12,1
3551,163,SE7,SE7,SE7,1
3552,163,SE8,SE8,SE8,1
3553,163,SE21,SE21,SE21,1
3554,163,SE22,SE22,SE22,1
3555,163,SE24,SE24,SE24,1
3556,164,SW18,SW18,SW18,1
3557,164,SW19,SW19,SW19,1
3558,164,N16,N16,N16,1
3559,164,W4,W4,W4,1
3560,164,W6,W6,W6,1
3561,164,W8,W8,W8,1
3562,164,W9,W9,W9,1
3563,164,W10,W10,W10,1
3564,164,W11,W11,W11,1
3565,164,W12,W12,W12,1
3566,164,SE7,SE7,SE7,1
3567,164,SE8,SE8,SE8,1
3568,164,SE21,SE21,SE21,1
3569,164,SE22,SE22,SE22,1
3570,164,SE24,SE24,SE24,1
3571,165,SW19,SW19,SW19,1
3572,165,N16,N16,N16,1
3573,165,W4,W4,W4,1
3574,165,W6,W6,W6,1
3575,165,W8,W8,W8,1
3576,165,W9,W9,W9,1
3577,165,W10,W10,W10,1
3578,165,W11,W11,W11,1
3579,165,W12,W12,W12,1
3580,165,SE7,SE7,SE7,1
3581,165,SE8,SE8,SE8,1
3582,165,SE21,SE21,SE21,1
3583,165,SE22,SE22,SE22,1
3584,165,SE24,SE24,SE24,1
3585,166,NW2,NW2,NW2,1
3586,166,NW3,NW3,NW3,1
3587,166,NW6,NW6,NW6,1
3588,167,NW3,NW3,NW3,1
3589,167,NW6,NW6,NW6,1
3590,168,SW1,SW1,SW1,1
3591,168,IG1,IG1,IG1,1
3592,168,IG3,IG3,IG3,1
3593,168,IG5,IG5,IG5,1
3594,168,IG6,IG6,IG6,1
3595,168,IG11,IG11,IG11,1
3596,168,SE27,SE27,SE27,1
3597,168,SE28,SE28,SE28,1
3598,169,IG1,IG1,IG1,1
3599,169,IG3,IG3,IG3,1
3600,169,IG5,IG5,IG5,1
3601,169,IG6,IG6,IG6,1
3602,169,IG11,IG11,IG11,1
3603,169,SE27,SE27,SE27,1
3604,169,SE28,SE28,SE28,1
3605,170,IG3,IG3,IG3,1
3606,170,IG5,IG5,IG5,1
3607,170,IG6,IG6,IG6,1
3608,170,IG11,IG11,IG11,1
3609,170,SE27,SE27,SE27,1
3610,170,SE28,SE28,SE28,1
3611,171,IG5,IG5,IG5,1
3612,171,IG6,IG6,IG6,1
3613,171,IG11,IG11,IG11,1
3614,171,SE27,SE27,SE27,1
3615,171,SE28,SE28,SE28,1
3616,172,IG6,IG6,IG6,1
3617,172,IG11,IG11,IG11,1
3618,172,SE27,SE27,SE27,1
3619,172,SE28,SE28,SE28,1
3620,173,IG11,IG11,IG11,1
3621,173,SE27,SE27,SE27,1
3622,173,SE28,SE28,SE28,1
3623,174,N16,N16,N16,1
3624,174,W4,W4,W4,1
3625,174,W6,W6,W6,1
3626,174,W8,W8,W8,1
3627,174,W9,W9,W9,1
3628,174,W10,W10,W10,1
3629,174,W11,W11,W11,1
3630,174,W12,W12,W12,1
3631,174,SE7,SE7,SE7,1
3632,174,SE8,SE8,SE8,1
3633,174,SE21,SE21,SE21,1
3634,174,SE22,SE22,SE22,1
3635,174,SE24,SE24,SE24,1
3636,175,NW6,NW6,NW6,1
3637,176,NW8,NW8,NW8,1
3638,177,W4,W4,W4,1
3639,177,W6,W6,W6,1
3640,177,W8,W8,W8,1
3641,177,W9,W9,W9,1
3642,177,W10,W10,W10,1
3643,177,W11,W11,W11,1
3644,177,W12,W12,W12,1
3645,177,SE7,SE7,SE7,1
3646,177,SE8,SE8,SE8,1
3647,177,SE21,SE21,SE21,1
3648,177,SE22,SE22,SE22,1
3649,177,SE24,SE24,SE24,1
3650,178,W6,W6,W6,1
3651,178,W8,W8,W8,1
3652,178,W9,W9,W9,1
3653,178,W10,W10,W10,1
3654,178,W11,W11,W11,1
3655,178,W12,W12,W12,1
3656,178,SE7,SE7,SE7,1
3657,178,SE8,SE8,SE8,1
3658,178,SE21,SE21,SE21,1
3659,178,SE22,SE22,SE22,1
3660,178,SE24,SE24,SE24,1
3661,179,W8,W8,W8,1
3662,179,W9,W9,W9,1
3663,179,W10,W10,W10,1
3664,179,W11,W11,W11,1
3665,179,W12,W12,W12,1
3666,179,SE7,SE7,SE7,1
3667,179,SE8,SE8,SE8,1
3668,179,SE21,SE21,SE21,1
3669,179,SE22,SE22,SE22,1
3670,179,SE24,SE24,SE24,1
3671,180,W9,W9,W9,1
3672,180,W10,W10,W10,1
3673,180,W11,W11,W11,1
3674,180,W12,W12,W12,1
3675,180,SE7,SE7,SE7,1
3676,180,SE8,SE8,SE8,1
3677,180,SE21,SE21,SE21,1
3678,180,SE22,SE22,SE22,1
3679,180,SE24,SE24,SE24,1
3680,181,W10,W10,W10,1
3681,181,W11,W11,W11,1
3682,181,W12,W12,W12,1
3683,181,SE7,SE7,SE7,1
3684,181,SE8,SE8,SE8,1
3685,181,SE21,SE21,SE21,1
3686,181,SE22,SE22,SE22,1
3687,181,SE24,SE24,SE24,1
3688,182,W11,W11,W11,1
3689,182,W12,W12,W12,1
3690,182,SE7,SE7,SE7,1
3691,182,SE8,SE8,SE8,1
3692,182,SE21,SE21,SE21,1
3693,182,SE22,SE22,SE22,1
3694,182,SE24,SE24,SE24,1
3695,183,W12,W12,W12,1
3696,183,SE7,SE7,SE7,1
3697,183,SE8,SE8,SE8,1
3698,183,SE21,SE21,SE21,1
3699,183,SE22,SE22,SE22,1
3700,183,SE24,SE24,SE24,1
3701,184,SE7,SE7,SE7,1
3702,184,SE8,SE8,SE8,1
3703,184,SE21,SE21,SE21,1
3704,184,SE22,SE22,SE22,1
3705,184,SE24,SE24,SE24,1
3706,185,SE8,SE8,SE8,1
3707,185,SE21,SE21,SE21,1
3708,185,SE22,SE22,SE22,1
3709,185,SE24,SE24,SE24,1
3710,186,SE21,SE21,SE21,1
3711,186,SE22,SE22,SE22,1
3712,186,SE24,SE24,SE24,1
3713,187,SE22,SE22,SE22,1
3714,187,SE24,SE24,SE24,1
3715,188,SE24,SE24,SE24,1
3716,189,SE27,SE27,SE27,1
3717,189,SE28,SE28,SE28,1
3718,190,SE28,SE28,SE28,1
3719,191,NW4,NW4,NW4,1
3720,191,NW7,NW7,NW7,1
3721,191,NW9,NW9,NW9,1
3722,191,NW10,NW10,NW10,1
3723,191,NW11,NW11,NW11,1
3724,191,SS12,SS12,SS12,1
3725,191,SS13,SS13,SS13,1
3726,192,NW7,NW7,NW7,1
3727,192,NW9,NW9,NW9,1
3728,192,NW10,NW10,NW10,1
3729,192,NW11,NW11,NW11,1
3730,192,SS12,SS12,SS12,1
3731,192,SS13,SS13,SS13,1
3732,193,NW9,NW9,NW9,1
3733,193,NW10,NW10,NW10,1
3734,193,NW11,NW11,NW11,1
3735,193,SS12,SS12,SS12,1
3736,193,SS13,SS13,SS13,1
3737,194,NW10,NW10,NW10,1
3738,194,NW11,NW11,NW11,1
3739,194,SS12,SS12,SS12,1
3740,194,SS13,SS13,SS13,1
3741,195,NW11,NW11,NW11,1
3742,195,SS12,SS12,SS12,1
3743,195,SS13,SS13,SS13,1
3744,196,SS12,SS12,SS12,1
3745,196,SS13,SS13,SS13,1
3746,197,SS13,SS13,SS13,1
